anchor_question,target_question,condition_type,condition_value,support_count,support_pct,target_best_30_window,target_best_30_coverage_pct,target_best_40_window,target_best_40_coverage_pct,target_best_50_window,target_best_50_coverage_pct,base_best_30_window,base_best_30_coverage_pct,base_best_40_window,base_best_40_coverage_pct,base_best_50_window,base_best_50_coverage_pct,gain_30_pct,gain_40_pct,gain_50_pct,target_median_pct
39,41,band20,0-20%,8,13.56,70-100%,100.0,60-100%,100.0,50-100%,100.0,20-50%,37.29,20-60%,44.07,40-90%,61.02,62.71,55.93,38.98,88.4
40,41,band20,60-80%,9,15.25,20-50%,77.78,10-50%,88.89,0-50%,88.89,20-50%,37.29,20-60%,44.07,40-90%,61.02,40.49,44.82,27.87,30.0
41,42,band20,60-80%,8,13.56,10-40%,62.5,0-40%,87.5,0-50%,87.5,0-30%,35.59,0-40%,47.46,0-50%,59.32,26.91,40.04,28.18,31.35
42,44,band20,20-40%,13,22.03,0-30%,84.62,0-40%,92.31,0-50%,92.31,10-40%,42.37,0-40%,52.54,0-50%,61.02,42.25,39.77,31.29,16.67
43,44,band20,60-80%,13,22.03,10-40%,84.62,0-40%,92.31,0-50%,100.0,10-40%,42.37,0-40%,52.54,0-50%,61.02,42.25,39.77,38.98,26.92
37,38,band20,40-60%,13,22.03,0-30%,84.62,0-40%,84.62,0-50%,84.62,0-30%,44.07,0-40%,45.76,0-50%,54.24,40.55,38.86,30.38,21.88
41,40,band20,80-100%,18,30.51,20-50%,77.78,20-60%,88.89,20-70%,94.44,20-50%,38.98,10-50%,50.85,10-60%,61.02,38.8,38.04,33.42,41.47
39,40,band20,0-20%,8,13.56,30-60%,75.0,30-70%,87.5,20-70%,87.5,20-50%,38.98,10-50%,50.85,10-60%,61.02,36.02,36.65,26.48,49.7
43,42,band20,0-20%,12,20.34,40-70%,75.0,40-80%,83.33,40-90%,91.67,0-30%,35.59,0-40%,47.46,0-50%,59.32,39.41,35.87,32.35,59.09
39,44,band20,0-20%,8,13.56,10-40%,62.5,20-60%,87.5,10-60%,100.0,10-40%,42.37,0-40%,52.54,0-50%,61.02,20.13,34.96,38.98,31.25
38,37,band20,60-80%,13,22.03,10-40%,84.62,10-50%,92.31,0-50%,92.31,0-30%,40.68,10-50%,57.63,0-50%,62.71,43.94,34.68,29.6,20.83
39,38,band20,60-80%,10,16.95,0-30%,80.0,0-40%,80.0,0-50%,90.0,0-30%,44.07,0-40%,45.76,0-50%,54.24,35.93,34.24,35.76,19.87
37,38,band20,20-40%,10,16.95,70-100%,70.0,60-100%,80.0,50-100%,80.0,0-30%,44.07,0-40%,45.76,0-50%,54.24,25.93,34.24,25.76,75.0
38,39,band20,60-80%,13,22.03,20-50%,84.62,20-60%,92.31,0-50%,92.31,20-50%,49.15,20-60%,59.32,20-70%,66.1,35.47,32.99,26.21,29.17
42,45,band20,20-40%,13,22.03,60-90%,76.92,50-90%,92.31,40-90%,100.0,60-90%,50.85,50-90%,59.32,40-90%,71.19,26.07,32.99,28.81,70.0
44,45,band20,0-20%,13,22.03,60-90%,76.92,60-100%,92.31,50-100%,100.0,60-90%,50.85,50-90%,59.32,40-90%,71.19,26.07,32.99,28.81,75.0
42,41,band20,20-40%,13,22.03,60-90%,61.54,60-100%,76.92,40-90%,84.62,20-50%,37.29,20-60%,44.07,40-90%,61.02,24.25,32.85,23.6,75.0
38,37,band20,20-40%,10,16.95,40-70%,60.0,40-80%,90.0,30-80%,90.0,0-30%,40.68,10-50%,57.63,0-50%,62.71,19.32,32.37,27.29,51.56
40,37,band20,80-100%,10,16.95,10-40%,60.0,10-50%,90.0,0-50%,90.0,0-30%,40.68,10-50%,57.63,0-50%,62.71,19.32,32.37,27.29,25.69
39,38,half,后半区,22,37.29,0-30%,72.73,0-40%,77.27,0-50%,81.82,0-30%,44.07,0-40%,45.76,0-50%,54.24,28.66,31.51,27.58,19.87
41,37,band20,20-40%,9,15.25,0-30%,55.56,10-50%,88.89,0-50%,100.0,0-30%,40.68,10-50%,57.63,0-50%,62.71,14.88,31.26,37.29,16.67
44,41,band20,80-100%,12,20.34,20-50%,66.67,10-50%,75.0,0-50%,91.67,20-50%,37.29,20-60%,44.07,40-90%,61.02,29.38,30.93,30.65,30.0
41,38,band20,40-60%,17,28.81,0-30%,70.59,0-40%,76.47,0-50%,76.47,0-30%,44.07,0-40%,45.76,0-50%,54.24,26.52,30.71,22.23,17.86
40,39,band20,80-100%,10,16.95,20-50%,80.0,20-60%,90.0,0-50%,90.0,20-50%,49.15,20-60%,59.32,20-70%,66.1,30.85,30.68,23.9,34.5
36,37,half,后半区,16,27.12,10-40%,62.5,10-50%,87.5,10-60%,93.75,0-30%,40.68,10-50%,57.63,0-50%,62.71,21.82,29.87,31.04,23.87
36,37,band20,60-80%,8,13.56,0-30%,62.5,10-50%,87.5,10-60%,100.0,0-30%,40.68,10-50%,57.63,0-50%,62.71,21.82,29.87,37.29,23.87
43,42,band20,60-80%,13,22.03,10-40%,69.23,10-50%,76.92,0-50%,76.92,0-30%,35.59,0-40%,47.46,0-50%,59.32,33.64,29.46,17.6,23.33
44,42,band20,0-20%,13,22.03,10-40%,69.23,10-50%,76.92,0-50%,76.92,0-30%,35.59,0-40%,47.46,0-50%,59.32,33.64,29.46,17.6,34.62
39,38,band20,0-20%,8,13.56,20-50%,62.5,20-60%,75.0,10-60%,75.0,0-30%,44.07,0-40%,45.76,0-50%,54.24,18.43,29.24,20.76,48.22
39,40,band20,60-80%,10,16.95,30-60%,70.0,20-60%,80.0,10-60%,90.0,20-50%,38.98,10-50%,50.85,10-60%,61.02,31.02,29.15,28.98,41.47
38,40,band20,40-60%,10,16.95,50-80%,60.0,40-80%,80.0,30-80%,80.0,20-50%,38.98,10-50%,50.85,10-60%,61.02,21.02,29.15,18.98,55.12
37,39,band20,0-20%,17,28.81,10-40%,82.35,10-50%,88.24,10-60%,94.12,20-50%,49.15,20-60%,59.32,20-70%,66.1,33.2,28.92,28.02,30.0
40,41,band20,0-20%,11,18.64,40-70%,63.64,30-70%,72.73,30-80%,81.82,20-50%,37.29,20-60%,44.07,40-90%,61.02,26.35,28.66,20.8,59.38
44,43,band20,0-20%,13,22.03,50-80%,69.23,40-80%,76.92,30-80%,84.62,50-80%,37.29,40-80%,49.15,50-100%,59.32,31.94,27.77,25.3,59.09
45,42,band20,20-40%,8,13.56,40-70%,62.5,40-80%,75.0,30-80%,75.0,0-30%,35.59,0-40%,47.46,0-50%,59.32,26.91,27.54,15.68,54.55
44,42,band20,80-100%,12,20.34,50-80%,58.33,40-80%,75.0,30-80%,75.0,0-30%,35.59,0-40%,47.46,0-50%,59.32,22.74,27.54,15.68,58.39
37,44,band20,20-40%,10,16.95,10-40%,70.0,0-40%,80.0,0-50%,80.0,10-40%,42.37,0-40%,52.54,0-50%,61.02,27.63,27.46,18.98,31.98
37,36,band20,60-80%,16,27.12,20-50%,93.75,10-50%,100.0,0-50%,100.0,20-50%,62.71,10-50%,72.88,10-60%,81.36,31.04,27.12,18.64,30.0
41,40,band20,20-40%,9,15.25,70-100%,66.67,60-100%,77.78,50-100%,88.89,20-50%,38.98,10-50%,50.85,10-60%,61.02,27.69,26.93,27.87,78.12
40,41,band20,80-100%,10,16.95,20-50%,70.0,10-50%,70.0,20-70%,80.0,20-50%,37.29,20-60%,44.07,40-90%,61.02,32.71,25.93,18.98,48.22
39,43,band20,0-20%,8,13.56,70-100%,62.5,60-100%,75.0,50-100%,75.0,50-80%,37.29,40-80%,49.15,50-100%,59.32,25.21,25.85,15.68,73.75
42,43,band20,40-60%,12,20.34,0-30%,58.33,0-40%,75.0,0-50%,75.0,50-80%,37.29,40-80%,49.15,50-100%,59.32,21.04,25.85,15.68,17.43
45,44,band20,60-80%,18,30.51,0-30%,55.56,0-40%,77.78,0-50%,77.78,10-40%,42.37,0-40%,52.54,0-50%,61.02,13.19,25.24,16.76,28.46
41,42,band20,80-100%,18,30.51,10-40%,55.56,10-50%,72.22,0-50%,77.78,0-30%,35.59,0-40%,47.46,0-50%,59.32,19.97,24.76,18.46,33.7
43,44,band20,80-100%,13,22.03,30-60%,69.23,20-60%,76.92,10-60%,84.62,10-40%,42.37,0-40%,52.54,0-50%,61.02,26.86,24.38,23.6,37.5
44,38,band20,40-60%,10,16.95,0-30%,70.0,0-40%,70.0,0-50%,70.0,0-30%,44.07,0-40%,45.76,0-50%,54.24,25.93,24.24,15.76,23.44
42,43,band20,0-20%,15,25.42,70-100%,60.0,60-100%,73.33,50-100%,80.0,50-80%,37.29,40-80%,49.15,50-100%,59.32,22.71,24.18,20.68,73.08
37,40,band20,60-80%,16,27.12,20-50%,62.5,20-60%,75.0,20-70%,81.25,20-50%,38.98,10-50%,50.85,10-60%,61.02,23.52,24.15,20.23,33.22
44,39,band20,80-100%,12,20.34,20-50%,83.33,10-50%,83.33,0-50%,83.33,20-50%,49.15,20-60%,59.32,20-70%,66.1,34.18,24.01,17.23,36.62
40,44,band20,40-60%,17,28.81,10-40%,70.59,10-50%,76.47,0-50%,76.47,10-40%,42.37,0-40%,52.54,0-50%,61.02,28.22,23.93,15.45,34.38
40,41,half,后半区,25,42.37,20-50%,60.0,10-50%,68.0,0-50%,76.0,20-50%,37.29,20-60%,44.07,40-90%,61.02,22.71,23.93,14.98,42.31
43,42,half,前半区,24,40.68,40-70%,54.17,40-80%,70.83,40-90%,79.17,0-30%,35.59,0-40%,47.46,0-50%,59.32,18.58,23.37,19.85,59.09
44,43,band20,20-40%,18,30.51,60-90%,61.11,50-90%,72.22,50-100%,83.33,50-80%,37.29,40-80%,49.15,50-100%,59.32,23.82,23.07,24.01,71.35
39,41,band20,40-60%,12,20.34,40-70%,66.67,30-70%,66.67,20-70%,83.33,20-50%,37.29,20-60%,44.07,40-90%,61.02,29.38,22.6,22.31,56.48
44,42,band20,40-60%,10,16.95,40-70%,60.0,40-80%,70.0,30-80%,70.0,0-30%,35.59,0-40%,47.46,0-50%,59.32,24.41,22.54,10.68,51.21
38,42,band20,40-60%,10,16.95,0-30%,50.0,0-40%,70.0,0-50%,70.0,0-30%,35.59,0-40%,47.46,0-50%,59.32,14.41,22.54,10.68,32.4
40,42,band20,80-100%,10,16.95,10-40%,50.0,20-60%,70.0,10-60%,80.0,0-30%,35.59,0-40%,47.46,0-50%,59.32,14.41,22.54,20.68,32.59
42,40,band20,0-20%,15,25.42,20-50%,60.0,10-50%,73.33,0-50%,73.33,20-50%,38.98,10-50%,50.85,10-60%,61.02,21.02,22.48,12.31,34.62
36,44,band20,60-80%,8,13.56,10-40%,62.5,20-60%,75.0,10-60%,75.0,10-40%,42.37,0-40%,52.54,0-50%,61.02,20.13,22.46,13.98,35.94
45,44,band20,20-40%,8,13.56,30-60%,62.5,30-70%,75.0,30-80%,87.5,10-40%,42.37,0-40%,52.54,0-50%,61.02,20.13,22.46,26.48,53.12
44,37,band20,40-60%,10,16.95,60-90%,60.0,40-80%,80.0,40-90%,90.0,0-30%,40.68,10-50%,57.63,0-50%,62.71,19.32,22.37,27.29,66.03
38,39,half,后半区,27,45.76,20-50%,74.07,20-60%,81.48,0-50%,85.19,20-50%,49.15,20-60%,59.32,20-70%,66.1,24.92,22.16,19.09,31.82
45,44,half,后半区,39,66.1,10-40%,58.97,0-40%,74.36,0-50%,79.49,10-40%,42.37,0-40%,52.54,0-50%,61.02,16.6,21.82,18.47,30.0
43,42,band20,80-100%,13,22.03,0-30%,53.85,0-40%,69.23,0-50%,76.92,0-30%,35.59,0-40%,47.46,0-50%,59.32,18.26,21.77,17.6,26.92
43,44,half,后半区,35,59.32,10-40%,60.0,0-40%,74.29,0-50%,82.86,10-40%,42.37,0-40%,52.54,0-50%,61.02,17.63,21.75,21.84,30.0
36,37,band20,40-60%,19,32.2,0-30%,78.95,0-40%,78.95,0-50%,78.95,0-30%,40.68,10-50%,57.63,0-50%,62.71,38.27,21.32,16.24,17.86
37,36,band20,0-20%,17,28.81,30-60%,88.24,30-70%,94.12,30-80%,100.0,20-50%,62.71,10-50%,72.88,10-60%,81.36,25.53,21.24,18.64,46.43
43,42,half,后半区,35,59.32,10-40%,54.29,0-40%,68.57,0-50%,74.29,0-30%,35.59,0-40%,47.46,0-50%,59.32,18.7,21.11,14.97,28.12
41,38,band20,20-40%,9,15.25,50-80%,55.56,50-90%,66.67,40-90%,66.67,0-30%,44.07,0-40%,45.76,0-50%,54.24,11.49,20.91,12.43,59.38
45,36,band20,80-100%,16,27.12,20-50%,75.0,10-50%,93.75,0-50%,93.75,20-50%,62.71,10-50%,72.88,10-60%,81.36,12.29,20.87,12.39,36.31
37,43,band20,20-40%,10,16.95,40-70%,60.0,30-70%,70.0,40-90%,90.0,50-80%,37.29,40-80%,49.15,50-100%,59.32,22.71,20.85,30.68,58.75
40,43,band20,80-100%,10,16.95,40-70%,60.0,40-80%,70.0,30-80%,70.0,50-80%,37.29,40-80%,49.15,50-100%,59.32,22.71,20.85,10.68,58.01
38,45,band20,40-60%,10,16.95,40-70%,70.0,40-80%,80.0,40-90%,100.0,60-90%,50.85,50-90%,59.32,40-90%,71.19,19.15,20.68,28.81,65.59
40,41,band20,40-60%,17,28.81,70-100%,64.71,60-100%,64.71,50-100%,64.71,20-50%,37.29,20-60%,44.07,40-90%,61.02,27.42,20.64,3.69,83.33
38,41,band20,0-20%,17,28.81,40-70%,58.82,20-60%,64.71,10-60%,70.59,20-50%,37.29,20-60%,44.07,40-90%,61.02,21.53,20.64,9.57,46.88
42,43,band20,20-40%,13,22.03,50-80%,69.23,40-80%,69.23,50-100%,92.31,50-80%,37.29,40-80%,49.15,50-100%,59.32,31.94,20.08,32.99,60.71
41,44,band20,80-100%,18,30.51,10-40%,66.67,0-40%,72.22,10-60%,83.33,10-40%,42.37,0-40%,52.54,0-50%,61.02,24.3,19.68,22.31,32.19
36,39,band20,40-60%,19,32.2,10-40%,63.16,20-60%,78.95,20-70%,84.21,20-50%,49.15,20-60%,59.32,20-70%,66.1,14.01,19.63,18.11,31.82
39,38,band20,20-40%,23,38.98,60-90%,56.52,50-90%,65.22,40-90%,73.91,0-30%,44.07,0-40%,45.76,0-50%,54.24,12.45,19.46,19.67,65.38
44,37,band20,0-20%,13,22.03,10-40%,53.85,10-50%,76.92,10-60%,84.62,0-30%,40.68,10-50%,57.63,0-50%,62.71,13.17,19.29,21.91,32.35
44,42,band20,20-40%,18,30.51,0-30%,61.11,0-40%,66.67,0-50%,66.67,0-30%,35.59,0-40%,47.46,0-50%,59.32,25.52,19.21,7.35,23.33
45,42,band20,40-60%,12,20.34,50-80%,58.33,50-90%,66.67,20-70%,66.67,0-30%,35.59,0-40%,47.46,0-50%,59.32,22.74,19.21,7.35,58.39
45,42,band20,60-80%,18,30.51,20-50%,55.56,10-50%,66.67,0-50%,77.78,0-30%,35.59,0-40%,47.46,0-50%,59.32,19.97,19.21,18.46,37.98
41,42,band20,20-40%,9,15.25,40-70%,55.56,40-80%,66.67,40-90%,77.78,0-30%,35.59,0-40%,47.46,0-50%,59.32,19.97,19.21,18.46,59.09
41,42,half,后半区,30,50.85,10-40%,53.33,0-40%,66.67,0-50%,80.0,0-30%,35.59,0-40%,47.46,0-50%,59.32,17.74,19.21,20.68,31.35
38,40,band20,20-40%,10,16.95,20-50%,60.0,10-50%,70.0,0-50%,80.0,20-50%,38.98,10-50%,50.85,10-60%,61.02,21.02,19.15,18.98,31.19
41,40,half,后半区,30,50.85,20-50%,56.67,10-50%,70.0,0-50%,80.0,20-50%,38.98,10-50%,50.85,10-60%,61.02,17.69,19.15,18.98,39.43
37,38,band20,0-20%,17,28.81,40-70%,58.82,40-80%,64.71,40-90%,82.35,0-30%,44.07,0-40%,45.76,0-50%,54.24,14.75,18.95,28.11,60.71
42,36,band20,40-60%,12,20.34,20-50%,75.0,20-60%,91.67,10-60%,100.0,20-50%,62.71,10-50%,72.88,10-60%,81.36,12.29,18.79,18.64,31.37
45,36,band20,40-60%,12,20.34,10-40%,75.0,10-50%,91.67,0-50%,91.67,20-50%,62.71,10-50%,72.88,10-60%,81.36,12.29,18.79,10.31,33.48
38,39,band20,80-100%,9,15.25,20-50%,66.67,20-60%,77.78,0-50%,77.78,20-50%,49.15,20-60%,59.32,20-70%,66.1,17.52,18.46,11.68,37.5
40,39,band20,60-80%,9,15.25,20-50%,66.67,20-60%,77.78,0-50%,77.78,20-50%,49.15,20-60%,59.32,20-70%,66.1,17.52,18.46,11.68,26.47
41,39,band20,20-40%,9,15.25,20-50%,66.67,20-60%,77.78,20-70%,88.89,20-50%,49.15,20-60%,59.32,20-70%,66.1,17.52,18.46,22.79,37.5
40,45,band20,60-80%,9,15.25,60-90%,66.67,50-90%,77.78,40-90%,100.0,60-90%,50.85,50-90%,59.32,40-90%,71.19,15.82,18.46,28.81,63.33
44,45,band20,20-40%,18,30.51,60-90%,61.11,50-90%,77.78,50-100%,88.89,60-90%,50.85,50-90%,59.32,40-90%,71.19,10.26,18.46,17.7,71.95
43,41,band20,40-60%,16,27.12,30-60%,56.25,30-70%,62.5,40-90%,75.0,20-50%,37.29,20-60%,44.07,40-90%,61.02,18.96,18.43,13.98,48.22
36,41,band20,60-80%,8,13.56,40-70%,50.0,40-80%,62.5,40-90%,75.0,20-50%,37.29,20-60%,44.07,40-90%,61.02,12.71,18.43,13.98,60.88
43,40,band20,60-80%,13,22.03,30-60%,61.54,20-60%,69.23,10-60%,76.92,20-50%,38.98,10-50%,50.85,10-60%,61.02,22.56,18.38,15.9,45.83
37,36,half,后半区,22,37.29,20-50%,86.36,10-50%,90.91,10-60%,95.45,20-50%,62.71,10-50%,72.88,10-60%,81.36,23.65,18.03,14.09,30.0
37,38,half,后半区,22,37.29,0-30%,59.09,0-40%,63.64,0-50%,72.73,0-30%,44.07,0-40%,45.76,0-50%,54.24,15.02,17.88,18.49,26.56
36,42,band20,20-40%,23,38.98,40-70%,52.17,30-70%,65.22,20-70%,82.61,0-30%,35.59,0-40%,47.46,0-50%,59.32,16.58,17.76,23.29,43.33
44,42,half,后半区,23,38.98,40-70%,47.83,40-80%,65.22,30-80%,69.57,0-30%,35.59,0-40%,47.46,0-50%,59.32,12.24,17.76,10.25,50.0
44,39,band20,0-20%,13,22.03,20-50%,61.54,20-60%,76.92,20-70%,84.62,20-50%,49.15,20-60%,59.32,20-70%,66.1,12.39,17.6,18.52,37.5
45,42,half,前半区,20,33.9,40-70%,55.0,40-80%,65.0,30-80%,70.0,0-30%,35.59,0-40%,47.46,0-50%,59.32,19.41,17.54,10.68,58.39
44,43,half,前半区,36,61.02,50-80%,55.56,50-90%,66.67,50-100%,80.56,50-80%,37.29,40-80%,49.15,50-100%,59.32,18.27,17.52,21.24,65.59
38,43,band20,80-100%,9,15.25,60-90%,55.56,50-90%,66.67,40-90%,77.78,50-80%,37.29,40-80%,49.15,50-100%,59.32,18.27,17.52,18.46,60.71
39,43,band20,40-60%,12,20.34,60-90%,50.0,60-100%,66.67,50-100%,75.0,50-80%,37.29,40-80%,49.15,50-100%,59.32,12.71,17.52,15.68,69.87
43,41,band20,60-80%,13,22.03,70-100%,61.54,60-100%,61.54,50-100%,69.23,20-50%,37.29,20-60%,44.07,40-90%,61.02,24.25,17.47,8.21,80.77
44,41,band20,0-20%,13,22.03,60-90%,53.85,50-90%,61.54,40-90%,84.62,20-50%,37.29,20-60%,44.07,40-90%,61.02,16.56,17.47,23.6,63.89
40,44,band20,80-100%,10,16.95,0-30%,60.0,0-40%,70.0,0-50%,70.0,10-40%,42.37,0-40%,52.54,0-50%,61.02,17.63,17.46,8.98,25.96
36,38,band20,40-60%,19,32.2,60-90%,52.63,60-100%,63.16,50-100%,68.42,0-30%,44.07,0-40%,45.76,0-50%,54.24,8.56,17.4,14.18,65.38
43,37,band20,40-60%,16,27.12,10-40%,62.5,10-50%,75.0,0-50%,81.25,0-30%,40.68,10-50%,57.63,0-50%,62.71,21.82,17.37,18.54,22.91
39,37,band20,0-20%,8,13.56,50-80%,50.0,40-80%,75.0,30-80%,75.0,0-30%,40.68,10-50%,57.63,0-50%,62.71,9.32,17.37,12.29,60.0
37,45,band20,0-20%,17,28.81,60-90%,70.59,50-90%,76.47,40-90%,88.24,60-90%,50.85,50-90%,59.32,40-90%,71.19,19.74,17.15,17.05,68.18
38,36,band20,40-60%,10,16.95,20-50%,90.0,10-50%,90.0,0-50%,90.0,20-50%,62.71,10-50%,72.88,10-60%,81.36,27.29,17.12,8.64,35.53
44,41,band20,20-40%,18,30.51,70-100%,50.0,60-100%,61.11,40-90%,66.67,20-50%,37.29,20-60%,44.07,40-90%,61.02,12.71,17.04,5.65,74.47
45,38,band20,20-40%,8,13.56,0-30%,62.5,0-40%,62.5,0-50%,62.5,0-30%,44.07,0-40%,45.76,0-50%,54.24,18.43,16.74,8.26,25.0
37,38,band20,60-80%,16,27.12,0-30%,56.25,0-40%,62.5,0-50%,75.0,0-30%,44.07,0-40%,45.76,0-50%,54.24,12.18,16.74,20.76,27.09
36,38,band20,60-80%,8,13.56,0-30%,50.0,10-50%,62.5,0-50%,62.5,0-30%,44.07,0-40%,45.76,0-50%,54.24,5.93,16.74,8.26,36.98
38,37,half,后半区,27,45.76,0-30%,66.67,0-40%,74.07,0-50%,77.78,0-30%,40.68,10-50%,57.63,0-50%,62.71,25.99,16.44,15.07,20.83
39,37,band20,20-40%,23,38.98,10-40%,69.57,0-40%,73.91,10-60%,82.61,0-30%,40.68,10-50%,57.63,0-50%,62.71,28.89,16.28,19.9,19.23
45,44,band20,80-100%,16,27.12,10-40%,56.25,0-40%,68.75,0-50%,81.25,10-40%,42.37,0-40%,52.54,0-50%,61.02,13.88,16.21,20.23,30.91
40,36,band20,60-80%,9,15.25,20-50%,77.78,10-50%,88.89,10-60%,100.0,20-50%,62.71,10-50%,72.88,10-60%,81.36,15.07,16.01,18.64,32.35
42,41,band20,0-20%,15,25.42,40-70%,53.33,40-80%,60.0,40-90%,80.0,20-50%,37.29,20-60%,44.07,40-90%,61.02,16.04,15.93,18.98,60.71
38,41,band20,40-60%,10,16.95,70-100%,50.0,60-100%,60.0,50-100%,60.0,20-50%,37.29,20-60%,44.07,40-90%,61.02,12.71,15.93,-1.02,73.33
42,41,half,前半区,35,59.32,70-100%,48.57,60-100%,60.0,40-90%,71.43,20-50%,37.29,20-60%,44.07,40-90%,61.02,11.28,15.93,10.41,68.18
39,40,band20,40-60%,12,20.34,0-30%,58.33,0-40%,66.67,0-50%,66.67,20-50%,38.98,10-50%,50.85,10-60%,61.02,19.35,15.82,5.65,25.96
44,40,band20,20-40%,18,30.51,30-60%,55.56,10-50%,66.67,10-60%,83.33,20-50%,38.98,10-50%,50.85,10-60%,61.02,16.58,15.82,22.31,45.83
38,40,band20,80-100%,9,15.25,10-40%,55.56,10-50%,66.67,10-60%,77.78,20-50%,38.98,10-50%,50.85,10-60%,61.02,16.58,15.82,16.76,34.62
42,40,band20,60-80%,12,20.34,30-60%,50.0,30-70%,66.67,20-70%,75.0,20-50%,38.98,10-50%,50.85,10-60%,61.02,11.02,15.82,13.98,45.83
44,38,band20,0-20%,13,22.03,60-90%,53.85,60-100%,61.54,40-90%,61.54,0-30%,44.07,0-40%,45.76,0-50%,54.24,9.78,15.78,7.3,65.38
42,37,band20,0-20%,15,25.42,10-40%,66.67,10-50%,73.33,10-60%,86.67,0-30%,40.68,10-50%,57.63,0-50%,62.71,25.99,15.7,23.96,25.0
44,45,band20,80-100%,12,20.34,40-70%,75.0,30-70%,75.0,20-70%,83.33,60-90%,50.85,50-90%,59.32,40-90%,71.19,24.15,15.68,12.14,44.59
43,45,band20,0-20%,12,20.34,40-70%,66.67,30-70%,75.0,20-70%,83.33,60-90%,50.85,50-90%,59.32,40-90%,71.19,15.82,15.68,12.14,45.5
44,45,half,前半区,36,61.02,60-90%,63.89,50-90%,75.0,50-100%,86.11,60-90%,50.85,50-90%,59.32,40-90%,71.19,13.04,15.68,14.92,71.95
39,45,band20,0-20%,8,13.56,60-90%,62.5,50-90%,75.0,40-90%,75.0,60-90%,50.85,50-90%,59.32,40-90%,71.19,11.65,15.68,3.81,65.59
37,43,band20,0-20%,17,28.81,50-80%,47.06,40-80%,64.71,30-80%,64.71,50-80%,37.29,40-80%,49.15,50-100%,59.32,9.77,15.56,5.39,56.67
39,37,half,后半区,22,37.29,40-70%,50.0,40-80%,72.73,40-90%,77.27,0-30%,40.68,10-50%,57.63,0-50%,62.71,9.32,15.1,14.56,50.0
39,42,band20,0-20%,8,13.56,0-30%,50.0,0-40%,62.5,0-50%,75.0,0-30%,35.59,0-40%,47.46,0-50%,59.32,14.41,15.04,15.68,33.7
40,41,half,前半区,34,57.63,70-100%,50.0,60-100%,58.82,40-90%,70.59,20-50%,37.29,20-60%,44.07,40-90%,61.02,12.71,14.75,9.57,71.59
39,36,band20,0-20%,8,13.56,10-40%,75.0,20-60%,87.5,10-60%,87.5,20-50%,62.71,10-50%,72.88,10-60%,81.36,12.29,14.62,6.14,33.26
45,37,band20,60-80%,18,30.51,0-30%,55.56,10-50%,72.22,10-60%,77.78,0-30%,40.68,10-50%,57.63,0-50%,62.71,14.88,14.59,15.07,24.48
40,43,band20,0-20%,11,18.64,70-100%,45.45,50-90%,63.64,50-100%,81.82,50-80%,37.29,40-80%,49.15,50-100%,59.32,8.16,14.49,22.5,60.71
36,45,band20,40-60%,19,32.2,60-90%,68.42,50-90%,73.68,40-90%,78.95,60-90%,50.85,50-90%,59.32,40-90%,71.19,17.57,14.36,7.76,68.18
42,41,half,后半区,24,40.68,20-50%,50.0,10-50%,58.33,0-50%,75.0,20-50%,37.29,20-60%,44.07,40-90%,61.02,12.71,14.26,13.98,37.64
42,41,band20,60-80%,12,20.34,0-30%,50.0,0-40%,58.33,0-50%,75.0,20-50%,37.29,20-60%,44.07,40-90%,61.02,12.71,14.26,13.98,32.19
43,41,band20,0-20%,12,20.34,20-50%,50.0,20-60%,58.33,10-60%,58.33,20-50%,37.29,20-60%,44.07,40-90%,61.02,12.71,14.26,-2.69,51.78
45,41,band20,40-60%,12,20.34,20-50%,50.0,10-50%,58.33,20-70%,66.67,20-50%,37.29,20-60%,44.07,40-90%,61.02,12.71,14.26,5.65,50.0
38,37,half,前半区,32,54.24,40-70%,46.88,40-80%,71.88,40-90%,78.12,0-30%,40.68,10-50%,57.63,0-50%,62.71,6.2,14.25,15.41,51.56
45,44,band20,40-60%,12,20.34,70-100%,66.67,60-100%,66.67,50-100%,66.67,10-40%,42.37,0-40%,52.54,0-50%,61.02,24.3,14.13,5.65,80.09
42,44,band20,0-20%,15,25.42,10-40%,60.0,10-50%,66.67,10-60%,73.33,10-40%,42.37,0-40%,52.54,0-50%,61.02,17.63,14.13,12.31,37.5
41,44,half,后半区,30,50.85,10-40%,56.67,0-40%,66.67,10-60%,76.67,10-40%,42.37,0-40%,52.54,0-50%,61.02,14.3,14.13,15.65,32.14
39,44,band20,40-60%,12,20.34,10-40%,50.0,0-40%,66.67,0-50%,75.0,10-40%,42.37,0-40%,52.54,0-50%,61.02,7.63,14.13,13.98,31.98
38,42,band20,60-80%,13,22.03,10-40%,46.15,10-50%,61.54,10-60%,76.92,0-30%,35.59,0-40%,47.46,0-50%,59.32,10.56,14.08,17.6,43.33
44,42,half,前半区,36,61.02,10-40%,52.78,0-40%,61.11,0-50%,63.89,0-30%,35.59,0-40%,47.46,0-50%,59.32,17.19,13.65,4.57,33.38
40,39,band20,0-20%,11,18.64,30-60%,63.64,20-60%,72.73,30-80%,81.82,20-50%,49.15,20-60%,59.32,20-70%,66.1,14.49,13.41,15.72,50.0
45,43,band20,80-100%,16,27.12,50-80%,50.0,60-100%,62.5,50-100%,75.0,50-80%,37.29,40-80%,49.15,50-100%,59.32,12.71,13.35,15.68,65.59
41,43,band20,60-80%,8,13.56,40-70%,37.5,50-90%,62.5,50-100%,75.0,50-80%,37.29,40-80%,49.15,50-100%,59.32,0.21,13.35,15.68,59.52
41,39,half,前半区,29,49.15,20-50%,62.07,20-60%,72.41,20-70%,79.31,20-50%,49.15,20-60%,59.32,20-70%,66.1,12.92,13.09,13.21,38.24
38,37,band20,0-20%,17,28.81,40-70%,47.06,40-80%,70.59,40-90%,82.35,0-30%,40.68,10-50%,57.63,0-50%,62.71,6.38,12.96,19.64,55.88
37,40,half,后半区,22,37.29,20-50%,54.55,10-50%,63.64,0-50%,72.73,20-50%,38.98,10-50%,50.85,10-60%,61.02,15.57,12.79,11.71,37.62
39,40,half,后半区,22,37.29,20-50%,50.0,10-50%,63.64,10-60%,77.27,20-50%,38.98,10-50%,50.85,10-60%,61.02,11.02,12.79,16.25,37.62
40,45,half,后半区,25,42.37,60-90%,64.0,50-90%,72.0,40-90%,88.0,60-90%,50.85,50-90%,59.32,40-90%,71.19,13.15,12.68,16.81,67.86
39,38,band20,40-60%,12,20.34,0-30%,58.33,0-40%,58.33,0-50%,58.33,0-30%,44.07,0-40%,45.76,0-50%,54.24,14.26,12.57,4.09,20.0
40,38,band20,20-40%,12,20.34,0-30%,50.0,0-40%,58.33,0-50%,66.67,0-30%,44.07,0-40%,45.76,0-50%,54.24,5.93,12.57,12.43,29.14
44,38,band20,80-100%,12,20.34,50-80%,50.0,40-80%,58.33,30-80%,58.33,0-30%,44.07,0-40%,45.76,0-50%,54.24,5.93,12.57,4.09,60.0
43,38,band20,0-20%,12,20.34,0-30%,41.67,50-90%,58.33,40-90%,58.33,0-30%,44.07,0-40%,45.76,0-50%,54.24,-2.4,12.57,4.09,56.28
38,45,half,前半区,32,54.24,60-90%,59.38,50-90%,71.88,40-90%,78.12,60-90%,50.85,50-90%,59.32,40-90%,71.19,8.53,12.56,6.93,67.75
45,44,half,前半区,20,33.9,70-100%,60.0,60-100%,65.0,40-90%,75.0,10-40%,42.37,0-40%,52.54,0-50%,61.02,17.63,12.46,13.98,76.97
36,41,band20,20-40%,23,38.98,70-100%,52.17,60-100%,56.52,40-90%,65.22,20-50%,37.29,20-60%,44.07,40-90%,61.02,14.88,12.45,4.2,75.0
39,41,band20,20-40%,23,38.98,20-50%,52.17,10-50%,56.52,0-50%,69.57,20-50%,37.29,20-60%,44.07,40-90%,61.02,14.88,12.45,8.55,45.0
44,41,half,后半区,23,38.98,20-50%,47.83,20-60%,56.52,0-50%,65.22,20-50%,37.29,20-60%,44.07,40-90%,61.02,10.54,12.45,4.2,45.83
38,43,band20,60-80%,13,22.03,30-60%,46.15,30-70%,61.54,30-80%,69.23,50-80%,37.29,40-80%,49.15,50-100%,59.32,8.86,12.39,9.91,53.57
39,37,band20,60-80%,10,16.95,20-50%,60.0,10-50%,70.0,10-60%,80.0,0-30%,40.68,10-50%,57.63,0-50%,62.71,19.32,12.37,17.29,48.44
38,36,half,后半区,27,45.76,20-50%,70.37,20-60%,85.19,20-70%,92.59,20-50%,62.71,10-50%,72.88,10-60%,81.36,7.66,12.31,11.23,45.83
36,41,half,后半区,16,27.12,40-70%,50.0,40-80%,56.25,20-70%,62.5,20-50%,37.29,20-60%,44.07,40-90%,61.02,12.71,12.18,1.48,51.78
37,41,band20,60-80%,16,27.12,40-70%,50.0,40-80%,56.25,40-90%,81.25,20-50%,37.29,20-60%,44.07,40-90%,61.02,12.71,12.18,20.23,61.36
38,44,band20,0-20%,17,28.81,20-50%,52.94,20-60%,64.71,10-60%,70.59,10-40%,42.37,0-40%,52.54,0-50%,61.02,10.57,12.17,9.57,36.67
42,45,half,前半区,35,59.32,60-90%,62.86,50-90%,71.43,50-100%,77.14,60-90%,50.85,50-90%,59.32,40-90%,71.19,12.01,12.11,5.95,68.18
43,45,half,后半区,35,59.32,60-90%,60.0,50-90%,71.43,50-100%,80.0,60-90%,50.85,50-90%,59.32,40-90%,71.19,9.15,12.11,8.81,70.0
45,43,band20,60-80%,18,30.51,40-70%,50.0,40-80%,61.11,40-90%,66.67,50-80%,37.29,40-80%,49.15,50-100%,59.32,12.71,11.96,7.35,58.71
36,37,band20,20-40%,23,38.98,50-80%,60.87,40-80%,69.57,40-90%,78.26,0-30%,40.68,10-50%,57.63,0-50%,62.71,20.19,11.94,15.55,70.0
42,36,band20,20-40%,13,22.03,20-50%,76.92,10-50%,84.62,0-50%,84.62,20-50%,62.71,10-50%,72.88,10-60%,81.36,14.21,11.74,3.26,34.38
38,36,band20,60-80%,13,22.03,20-50%,69.23,20-60%,84.62,20-70%,92.31,20-50%,62.71,10-50%,72.88,10-60%,81.36,6.52,11.74,10.95,46.43
45,40,band20,20-40%,8,13.56,30-60%,62.5,10-50%,62.5,0-50%,75.0,20-50%,38.98,10-50%,50.85,10-60%,61.02,23.52,11.65,13.98,42.12
36,40,half,后半区,16,27.12,0-30%,50.0,10-50%,62.5,10-60%,68.75,20-50%,38.98,10-50%,50.85,10-60%,61.02,11.02,11.65,7.73,32.81
36,40,band20,60-80%,8,13.56,0-30%,50.0,10-50%,62.5,10-60%,75.0,20-50%,38.98,10-50%,50.85,10-60%,61.02,11.02,11.65,13.98,30.72
45,42,half,后半区,39,66.1,10-40%,46.15,0-40%,58.97,0-50%,69.23,0-30%,35.59,0-40%,47.46,0-50%,59.32,10.56,11.51,9.91,34.62
38,41,band20,80-100%,9,15.25,60-90%,55.56,50-90%,55.56,40-90%,66.67,20-50%,37.29,20-60%,44.07,40-90%,61.02,18.27,11.49,5.65,68.18
44,41,half,前半区,36,61.02,70-100%,47.22,60-100%,55.56,40-90%,69.44,20-50%,37.29,20-60%,44.07,40-90%,61.02,9.93,11.49,8.42,66.03
37,42,band20,0-20%,17,28.81,0-30%,47.06,0-40%,58.82,0-50%,76.47,0-30%,35.59,0-40%,47.46,0-50%,59.32,11.47,11.36,17.15,34.62
40,42,band20,40-60%,17,28.81,10-40%,47.06,10-50%,58.82,10-60%,70.59,0-30%,35.59,0-40%,47.46,0-50%,59.32,11.47,11.36,11.27,43.33
41,39,band20,40-60%,17,28.81,30-60%,64.71,20-60%,70.59,30-80%,76.47,20-50%,49.15,20-60%,59.32,20-70%,66.1,15.56,11.27,10.37,46.43
41,45,band20,40-60%,17,28.81,60-90%,64.71,50-90%,70.59,40-90%,76.47,60-90%,50.85,50-90%,59.32,40-90%,71.19,13.86,11.27,5.28,68.18
38,45,band20,0-20%,17,28.81,60-90%,58.82,50-90%,70.59,40-90%,76.47,60-90%,50.85,50-90%,59.32,40-90%,71.19,7.97,11.27,5.28,73.08
38,39,band20,0-20%,17,28.81,30-60%,52.94,30-70%,70.59,30-80%,82.35,20-50%,49.15,20-60%,59.32,20-70%,66.1,3.79,11.27,16.25,59.09
45,37,band20,80-100%,16,27.12,10-40%,50.0,10-50%,68.75,0-50%,75.0,0-30%,40.68,10-50%,57.63,0-50%,62.71,9.32,11.12,12.29,32.25
37,39,half,前半区,37,62.71,20-50%,56.76,20-60%,70.27,20-70%,81.08,20-50%,49.15,20-60%,59.32,20-70%,66.1,7.61,10.95,14.98,35.0
39,42,band20,40-60%,12,20.34,10-40%,50.0,0-40%,58.33,0-50%,66.67,0-30%,35.59,0-40%,47.46,0-50%,59.32,14.41,10.87,7.35,33.62
44,43,band20,40-60%,10,16.95,70-100%,60.0,60-100%,60.0,50-100%,60.0,50-80%,37.29,40-80%,49.15,50-100%,59.32,22.71,10.85,0.68,77.01
38,43,band20,20-40%,10,16.95,30-60%,50.0,40-80%,60.0,30-80%,70.0,50-80%,37.29,40-80%,49.15,50-100%,59.32,12.71,10.85,10.68,59.23
38,39,band20,40-60%,10,16.95,0-30%,70.0,0-40%,70.0,0-50%,80.0,20-50%,49.15,20-60%,59.32,20-70%,66.1,20.85,10.68,13.9,24.6
37,45,band20,20-40%,10,16.95,70-100%,70.0,60-100%,70.0,50-100%,80.0,60-90%,50.85,50-90%,59.32,40-90%,71.19,19.15,10.68,8.81,80.13
37,39,band20,20-40%,10,16.95,20-50%,60.0,20-60%,70.0,20-70%,80.0,20-50%,49.15,20-60%,59.32,20-70%,66.1,10.85,10.68,13.9,42.86
38,45,band20,20-40%,10,16.95,40-70%,60.0,30-70%,70.0,20-70%,80.0,60-90%,50.85,50-90%,59.32,40-90%,71.19,9.15,10.68,8.81,60.91
40,45,band20,80-100%,10,16.95,60-90%,60.0,40-80%,70.0,40-90%,90.0,60-90%,50.85,50-90%,59.32,40-90%,71.19,9.15,10.68,18.81,65.34
36,44,band20,40-60%,19,32.2,10-40%,47.37,0-40%,63.16,0-50%,73.68,10-40%,42.37,0-40%,52.54,0-50%,61.02,5.0,10.62,12.66,34.38
37,41,half,后半区,22,37.29,40-70%,45.45,40-80%,54.55,40-90%,72.73,20-50%,37.29,20-60%,44.07,40-90%,61.02,8.16,10.48,11.71,59.23
43,36,half,前半区,24,40.68,20-50%,75.0,20-60%,83.33,20-70%,95.83,20-50%,62.71,10-50%,72.88,10-60%,81.36,12.29,10.45,14.47,36.67
42,36,band20,60-80%,12,20.34,20-50%,75.0,10-50%,83.33,10-60%,91.67,20-50%,62.71,10-50%,72.88,10-60%,81.36,12.29,10.45,10.31,37.87
43,36,band20,0-20%,12,20.34,20-50%,75.0,10-50%,83.33,10-60%,91.67,20-50%,62.71,10-50%,72.88,10-60%,81.36,12.29,10.45,10.31,35.64
41,36,band20,80-100%,18,30.51,20-50%,72.22,10-50%,83.33,10-60%,88.89,20-50%,62.71,10-50%,72.88,10-60%,81.36,9.51,10.45,7.53,36.67
40,37,half,后半区,25,42.37,0-30%,48.0,10-50%,68.0,0-50%,76.0,0-30%,40.68,10-50%,57.63,0-50%,62.71,7.32,10.37,13.29,32.14
42,44,half,前半区,35,59.32,10-40%,48.57,0-40%,62.86,0-50%,65.71,10-40%,42.37,0-40%,52.54,0-50%,61.02,6.2,10.32,4.69,34.38
36,40,band20,20-40%,23,38.98,40-70%,52.17,30-70%,60.87,20-70%,69.57,20-50%,38.98,10-50%,50.85,10-60%,61.02,13.19,10.02,8.55,45.83
43,44,half,前半区,24,40.68,70-100%,58.33,60-100%,62.5,50-100%,70.83,10-40%,42.37,0-40%,52.54,0-50%,61.02,15.96,9.96,9.81,76.97
41,44,band20,60-80%,8,13.56,30-60%,50.0,0-40%,62.5,0-50%,75.0,10-40%,42.37,0-40%,52.54,0-50%,61.02,7.63,9.96,13.98,31.98
36,44,half,后半区,16,27.12,10-40%,43.75,0-40%,62.5,0-50%,68.75,10-40%,42.37,0-40%,52.54,0-50%,61.02,1.38,9.96,7.73,35.94
38,45,band20,60-80%,13,22.03,70-100%,61.54,60-100%,69.23,50-100%,69.23,60-90%,50.85,50-90%,59.32,40-90%,71.19,10.69,9.91,-1.96,75.0
43,45,band20,60-80%,13,22.03,60-90%,53.85,50-90%,69.23,50-100%,84.62,60-90%,50.85,50-90%,59.32,40-90%,71.19,3.0,9.91,13.43,70.83
43,45,band20,80-100%,13,22.03,60-90%,53.85,50-90%,69.23,50-100%,76.92,60-90%,50.85,50-90%,59.32,40-90%,71.19,3.0,9.91,5.73,70.0
45,43,half,后半区,39,66.1,50-80%,46.15,40-80%,58.97,50-100%,71.79,50-80%,37.29,40-80%,49.15,50-100%,59.32,8.86,9.82,12.47,62.5
45,38,band20,60-80%,18,30.51,0-30%,44.44,10-50%,55.56,0-50%,72.22,0-30%,44.07,0-40%,45.76,0-50%,54.24,0.37,9.8,17.98,37.58
40,38,band20,60-80%,9,15.25,0-30%,44.44,20-60%,55.56,0-50%,55.56,0-30%,44.07,0-40%,45.76,0-50%,54.24,0.37,9.8,1.32,50.0
37,41,band20,40-60%,13,22.03,20-50%,46.15,20-60%,53.85,20-70%,61.54,20-50%,37.29,20-60%,44.07,40-90%,61.02,8.86,9.78,0.52,53.57
43,41,band20,80-100%,13,22.03,40-70%,46.15,40-80%,53.85,40-90%,76.92,20-50%,37.29,20-60%,44.07,40-90%,61.02,8.86,9.78,15.9,59.38
39,36,band20,20-40%,23,38.98,30-60%,69.57,20-60%,82.61,20-70%,91.3,20-50%,62.71,10-50%,72.88,10-60%,81.36,6.86,9.73,9.94,45.83
41,43,band20,40-60%,17,28.81,40-70%,58.82,30-70%,58.82,20-70%,58.82,50-80%,37.29,40-80%,49.15,50-100%,59.32,21.53,9.67,-0.5,55.0
40,43,band20,40-60%,17,28.81,50-80%,47.06,60-100%,58.82,30-80%,70.59,50-80%,37.29,40-80%,49.15,50-100%,59.32,9.77,9.67,11.27,63.33
37,44,half,前半区,37,62.71,10-40%,45.95,0-40%,62.16,0-50%,67.57,10-40%,42.37,0-40%,52.54,0-50%,61.02,3.58,9.62,6.55,32.14
38,36,band20,0-20%,17,28.81,10-40%,70.59,10-50%,82.35,0-50%,82.35,20-50%,62.71,10-50%,72.88,10-60%,81.36,7.88,9.47,0.99,29.17
40,36,band20,40-60%,17,28.81,20-50%,70.59,10-50%,82.35,10-60%,88.24,20-50%,62.71,10-50%,72.88,10-60%,81.36,7.88,9.47,6.88,36.67
43,39,band20,40-60%,16,27.12,10-40%,62.5,20-60%,68.75,20-70%,75.0,20-50%,49.15,20-60%,59.32,20-70%,66.1,13.35,9.43,8.9,38.24
43,45,band20,40-60%,16,27.12,60-90%,62.5,50-90%,68.75,40-90%,75.0,60-90%,50.85,50-90%,59.32,40-90%,71.19,11.65,9.43,3.81,68.18
36,39,half,后半区,16,27.12,20-50%,56.25,20-60%,68.75,30-80%,75.0,20-50%,49.15,20-60%,59.32,20-70%,66.1,7.1,9.43,8.9,37.87
45,39,band20,80-100%,16,27.12,10-40%,50.0,20-60%,68.75,10-60%,75.0,20-50%,49.15,20-60%,59.32,20-70%,66.1,0.85,9.43,8.9,39.29
44,43,band20,80-100%,12,20.34,30-60%,58.33,10-50%,58.33,0-50%,83.33,50-80%,37.29,40-80%,49.15,50-100%,59.32,21.04,9.18,24.01,38.79
37,40,band20,20-40%,10,16.95,10-40%,50.0,10-50%,60.0,10-60%,90.0,20-50%,38.98,10-50%,50.85,10-60%,61.02,11.02,9.15,28.98,42.03
38,37,band20,80-100%,9,15.25,0-30%,66.67,0-40%,66.67,10-60%,77.78,0-30%,40.68,10-50%,57.63,0-50%,62.71,25.99,9.04,15.07,20.83
44,37,band20,20-40%,18,30.51,0-30%,55.56,10-50%,66.67,0-50%,72.22,0-30%,40.68,10-50%,57.63,0-50%,62.71,14.88,9.04,9.51,26.56
44,37,half,前半区,36,61.02,10-40%,50.0,10-50%,66.67,10-60%,72.22,0-30%,40.68,10-50%,57.63,0-50%,62.71,9.32,9.04,9.51,32.25
43,37,band20,0-20%,12,20.34,40-70%,50.0,40-80%,66.67,30-80%,66.67,0-30%,40.68,10-50%,57.63,0-50%,62.71,9.32,9.04,3.96,54.09
45,37,half,后半区,39,66.1,10-40%,48.72,10-50%,66.67,0-50%,71.79,0-30%,40.68,10-50%,57.63,0-50%,62.71,8.04,9.04,9.08,32.14
38,44,band20,60-80%,13,22.03,10-40%,46.15,0-40%,61.54,0-50%,61.54,10-40%,42.37,0-40%,52.54,0-50%,61.02,3.78,9.0,0.52,34.62
37,41,band20,0-20%,17,28.81,20-50%,47.06,10-50%,52.94,0-50%,52.94,20-50%,37.29,20-60%,44.07,40-90%,61.02,9.77,8.87,-8.08,50.0
36,42,half,后半区,16,27.12,0-30%,43.75,0-40%,56.25,0-50%,68.75,0-30%,35.59,0-40%,47.46,0-50%,59.32,8.16,8.79,9.43,33.62
37,42,band20,60-80%,16,27.12,30-60%,43.75,30-70%,56.25,30-80%,68.75,0-30%,35.59,0-40%,47.46,0-50%,59.32,8.16,8.79,9.43,50.51
43,42,band20,40-60%,16,27.12,10-40%,43.75,0-40%,56.25,0-50%,56.25,0-30%,35.59,0-40%,47.46,0-50%,59.32,8.16,8.79,-3.07,36.95
45,42,band20,80-100%,16,27.12,0-30%,43.75,0-40%,56.25,0-50%,62.5,0-30%,35.59,0-40%,47.46,0-50%,59.32,8.16,8.79,3.18,33.38
40,38,band20,0-20%,11,18.64,0-30%,36.36,60-100%,54.55,50-100%,63.64,0-30%,44.07,0-40%,45.76,0-50%,54.24,-7.71,8.79,9.4,60.71
36,43,band20,40-60%,19,32.2,30-60%,42.11,40-80%,57.89,40-90%,73.68,50-80%,37.29,40-80%,49.15,50-100%,59.32,4.82,8.74,14.36,59.09
40,39,half,后半区,25,42.37,20-50%,60.0,0-40%,68.0,0-50%,76.0,20-50%,49.15,20-60%,59.32,20-70%,66.1,10.85,8.68,9.9,34.38
36,41,band20,40-60%,19,32.2,0-30%,42.11,10-50%,52.63,0-50%,63.16,20-50%,37.29,20-60%,44.07,40-90%,61.02,4.82,8.56,2.14,50.0
42,38,half,后半区,24,40.68,0-30%,50.0,0-40%,54.17,0-50%,58.33,0-30%,44.07,0-40%,45.76,0-50%,54.24,5.93,8.41,4.09,30.5
43,36,band20,40-60%,16,27.12,30-60%,62.5,30-70%,81.25,20-70%,81.25,20-50%,62.71,10-50%,72.88,10-60%,81.36,-0.21,8.37,-0.11,43.67
39,38,half,前半区,37,62.71,50-80%,43.24,40-80%,54.05,40-90%,64.86,0-30%,44.07,0-40%,45.76,0-50%,54.24,-0.83,8.29,10.62,60.71
37,45,half,前半区,37,62.71,60-90%,56.76,60-100%,67.57,40-90%,75.68,60-90%,50.85,50-90%,59.32,40-90%,71.19,5.91,8.25,4.49,70.0
39,36,half,前半区,37,62.71,20-50%,67.57,20-60%,81.08,20-70%,86.49,20-50%,62.71,10-50%,72.88,10-60%,81.36,4.86,8.2,5.13,40.91
38,42,band20,80-100%,9,15.25,20-50%,44.44,10-50%,55.56,0-50%,66.67,0-30%,35.59,0-40%,47.46,0-50%,59.32,8.85,8.1,7.35,45.83
40,42,band20,60-80%,9,15.25,60-90%,44.44,40-80%,55.56,40-90%,66.67,0-30%,35.59,0-40%,47.46,0-50%,59.32,8.85,8.1,7.35,63.33
38,42,half,后半区,27,45.76,10-40%,40.74,10-50%,55.56,0-50%,62.96,0-30%,35.59,0-40%,47.46,0-50%,59.32,5.15,8.1,3.64,43.33
42,38,band20,20-40%,13,22.03,40-70%,53.85,30-70%,53.85,20-70%,61.54,0-30%,44.07,0-40%,45.76,0-50%,54.24,9.78,8.09,7.3,50.0
43,38,band20,80-100%,13,22.03,0-30%,53.85,0-40%,53.85,0-50%,69.23,0-30%,44.07,0-40%,45.76,0-50%,54.24,9.78,8.09,14.99,23.33
43,37,half,后半区,35,59.32,10-40%,45.71,10-50%,65.71,10-60%,71.43,0-30%,40.68,10-50%,57.63,0-50%,62.71,5.03,8.08,8.72,40.62
42,43,half,前半区,35,59.32,50-80%,45.71,60-100%,57.14,50-100%,74.29,50-80%,37.29,40-80%,49.15,50-100%,59.32,8.42,7.99,14.97,63.33
41,40,band20,40-60%,17,28.81,0-30%,52.94,0-40%,58.82,0-50%,58.82,20-50%,38.98,10-50%,50.85,10-60%,61.02,13.96,7.97,-2.2,25.0
37,43,half,前半区,37,62.71,40-70%,43.24,40-80%,56.76,40-90%,64.86,50-80%,37.29,40-80%,49.15,50-100%,59.32,5.95,7.61,5.54,58.33
42,40,band20,40-60%,12,20.34,40-70%,50.0,30-70%,58.33,20-70%,66.67,20-50%,38.98,10-50%,50.85,10-60%,61.02,11.02,7.48,5.65,51.56
43,40,band20,0-20%,12,20.34,20-50%,50.0,10-50%,58.33,0-50%,58.33,20-50%,38.98,10-50%,50.85,10-60%,61.02,11.02,7.48,-2.69,42.12
43,40,half,前半区,24,40.68,20-50%,45.83,30-70%,58.33,20-70%,70.83,20-50%,38.98,10-50%,50.85,10-60%,61.02,6.85,7.48,9.81,47.91
44,40,half,前半区,36,61.02,30-60%,44.44,10-50%,58.33,10-60%,72.22,20-50%,38.98,10-50%,50.85,10-60%,61.02,5.46,7.48,11.2,44.07
39,44,band20,60-80%,10,16.95,10-40%,60.0,0-40%,60.0,10-60%,70.0,10-40%,42.37,0-40%,52.54,0-50%,61.02,17.63,7.46,8.98,34.38
38,44,band20,40-60%,10,16.95,10-40%,50.0,10-50%,60.0,0-50%,60.0,10-40%,42.37,0-40%,52.54,0-50%,61.02,7.63,7.46,-1.02,39.06
39,43,band20,20-40%,23,38.98,30-60%,52.17,30-70%,56.52,30-80%,65.22,50-80%,37.29,40-80%,49.15,50-100%,59.32,14.88,7.37,5.9,50.0
44,43,half,后半区,23,38.98,30-60%,43.48,10-50%,56.52,0-50%,73.91,50-80%,37.29,40-80%,49.15,50-100%,59.32,6.19,7.37,14.59,37.5
43,41,half,后半区,35,59.32,70-100%,42.86,60-100%,51.43,40-90%,68.57,20-50%,37.29,20-60%,44.07,40-90%,61.02,5.57,7.36,7.55,60.71
41,39,band20,80-100%,18,30.51,0-30%,66.67,0-40%,66.67,0-50%,72.22,20-50%,49.15,20-60%,59.32,20-70%,66.1,17.52,7.35,6.12,25.96
42,39,band20,40-60%,12,20.34,20-50%,66.67,10-50%,66.67,0-50%,75.0,20-50%,49.15,20-60%,59.32,20-70%,66.1,17.52,7.35,8.9,35.94
45,39,band20,40-60%,12,20.34,20-50%,66.67,10-50%,66.67,0-50%,75.0,20-50%,49.15,20-60%,59.32,20-70%,66.1,17.52,7.35,8.9,43.33
41,45,band20,20-40%,9,15.25,40-70%,66.67,30-70%,66.67,40-90%,88.89,60-90%,50.85,50-90%,59.32,40-90%,71.19,15.82,7.35,17.7,62.5
43,39,band20,0-20%,12,20.34,20-50%,58.33,20-60%,66.67,0-50%,66.67,20-50%,49.15,20-60%,59.32,20-70%,66.1,9.18,7.35,0.57,38.86
41,45,band20,80-100%,18,30.51,60-90%,55.56,50-90%,66.67,40-90%,72.22,60-90%,50.85,50-90%,59.32,40-90%,71.19,4.71,7.35,1.03,68.65
42,39,band20,0-20%,15,25.42,20-50%,53.33,20-60%,66.67,0-50%,66.67,20-50%,49.15,20-60%,59.32,20-70%,66.1,4.18,7.35,0.57,39.29
42,45,band20,0-20%,15,25.42,60-90%,53.33,60-100%,66.67,50-100%,73.33,60-90%,50.85,50-90%,59.32,40-90%,71.19,2.48,7.35,2.14,70.83
40,45,band20,20-40%,12,20.34,60-90%,50.0,60-100%,66.67,50-100%,66.67,60-90%,50.85,50-90%,59.32,40-90%,71.19,-0.85,7.35,-4.52,68.81
44,36,band20,40-60%,10,16.95,0-30%,70.0,10-50%,80.0,10-60%,90.0,20-50%,62.71,10-50%,72.88,10-60%,81.36,7.29,7.12,8.64,27.52
36,43,half,后半区,16,27.12,40-70%,43.75,40-80%,56.25,40-90%,68.75,50-80%,37.29,40-80%,49.15,50-100%,59.32,6.46,7.1,9.43,65.18
40,42,band20,0-20%,11,18.64,10-40%,45.45,0-40%,54.55,0-50%,63.64,0-30%,35.59,0-40%,47.46,0-50%,59.32,9.86,7.09,4.32,39.29
37,42,half,后半区,22,37.29,40-70%,40.91,30-70%,54.55,20-70%,63.64,0-30%,35.59,0-40%,47.46,0-50%,59.32,5.32,7.09,4.32,42.5
38,44,half,前半区,32,54.24,10-40%,46.88,20-60%,59.38,10-60%,68.75,10-40%,42.37,0-40%,52.54,0-50%,61.02,4.51,6.84,7.73,37.09
41,43,band20,80-100%,18,30.51,50-80%,50.0,40-80%,55.56,50-100%,66.67,50-80%,37.29,40-80%,49.15,50-100%,59.32,12.71,6.41,7.35,66.66
44,38,half,后半区,23,38.98,0-30%,52.17,0-40%,52.17,0-50%,56.52,0-30%,44.07,0-40%,45.76,0-50%,54.24,8.1,6.41,2.28,30.0
37,42,band20,40-60%,13,22.03,10-40%,46.15,0-40%,53.85,0-50%,61.54,0-30%,35.59,0-40%,47.46,0-50%,59.32,10.56,6.39,2.22,36.67
42,36,half,后半区,24,40.68,20-50%,66.67,10-50%,79.17,20-70%,87.5,20-50%,62.71,10-50%,72.88,10-60%,81.36,3.96,6.29,6.14,37.87
40,44,half,前半区,34,57.63,10-40%,50.0,10-50%,58.82,0-50%,64.71,10-40%,42.37,0-40%,52.54,0-50%,61.02,7.63,6.28,3.69,36.06
37,44,band20,0-20%,17,28.81,0-30%,47.06,0-40%,58.82,0-50%,64.71,10-40%,42.37,0-40%,52.54,0-50%,61.02,4.69,6.28,3.69,34.62
40,37,band20,0-20%,11,18.64,20-50%,54.55,10-50%,63.64,10-60%,72.73,0-30%,40.68,10-50%,57.63,0-50%,62.71,13.87,6.01,10.02,46.43
41,38,half,前半区,29,49.15,0-30%,48.28,0-40%,51.72,0-50%,55.17,0-30%,44.07,0-40%,45.76,0-50%,54.24,4.21,5.96,0.93,31.82
40,41,band20,20-40%,12,20.34,30-60%,50.0,20-60%,50.0,40-90%,83.33,20-50%,37.29,20-60%,44.07,40-90%,61.02,12.71,5.93,22.31,69.93
42,41,band20,40-60%,12,20.34,0-30%,50.0,0-40%,50.0,0-50%,50.0,20-50%,37.29,20-60%,44.07,40-90%,61.02,12.71,5.93,-11.02,44.69
37,41,band20,20-40%,10,16.95,40-70%,50.0,30-70%,50.0,40-90%,60.0,20-50%,37.29,20-60%,44.07,40-90%,61.02,12.71,5.93,-1.02,50.0
38,41,band20,20-40%,10,16.95,30-60%,50.0,20-60%,50.0,30-80%,60.0,20-50%,37.29,20-60%,44.07,40-90%,61.02,12.71,5.93,-1.02,65.48
44,41,band20,40-60%,10,16.95,70-100%,50.0,60-100%,50.0,50-100%,60.0,20-50%,37.29,20-60%,44.07,40-90%,61.02,12.71,5.93,-1.02,65.63
45,41,band20,20-40%,8,13.56,70-100%,50.0,50-90%,50.0,50-100%,62.5,20-50%,37.29,20-60%,44.07,40-90%,61.02,12.71,5.93,1.48,65.63
39,41,half,后半区,22,37.29,40-70%,45.45,30-70%,50.0,20-70%,59.09,20-50%,37.29,20-60%,44.07,40-90%,61.02,8.16,5.93,-1.93,51.78
45,41,band20,60-80%,18,30.51,20-50%,44.44,10-50%,50.0,40-90%,66.67,20-50%,37.29,20-60%,44.07,40-90%,61.02,7.15,5.93,5.65,51.78
38,41,half,前半区,32,54.24,30-60%,43.75,20-60%,50.0,40-90%,65.62,20-50%,37.29,20-60%,44.07,40-90%,61.02,6.46,5.93,4.6,51.78
45,41,band20,80-100%,16,27.12,20-50%,43.75,20-60%,50.0,40-90%,62.5,20-50%,37.29,20-60%,44.07,40-90%,61.02,6.46,5.93,1.48,51.78
39,45,band20,20-40%,23,38.98,60-90%,60.87,50-90%,65.22,40-90%,78.26,60-90%,50.85,50-90%,59.32,40-90%,71.19,10.02,5.9,7.07,67.65
45,43,half,前半区,20,33.9,0-30%,45.0,0-40%,55.0,0-50%,65.0,50-80%,37.29,40-80%,49.15,50-100%,59.32,7.71,5.85,5.68,37.09
43,44,band20,0-20%,12,20.34,60-90%,50.0,50-90%,58.33,40-90%,75.0,10-40%,42.37,0-40%,52.54,0-50%,61.02,7.63,5.79,13.98,71.37
42,44,band20,40-60%,12,20.34,30-60%,41.67,50-90%,58.33,50-100%,75.0,10-40%,42.37,0-40%,52.54,0-50%,61.02,-0.7,5.79,13.98,60.83
41,42,band20,40-60%,17,28.81,0-30%,47.06,0-40%,52.94,0-50%,58.82,0-30%,35.59,0-40%,47.46,0-50%,59.32,11.47,5.48,-0.5,36.67
40,42,half,前半区,34,57.63,0-30%,41.18,0-40%,52.94,0-50%,64.71,0-30%,35.59,0-40%,47.46,0-50%,59.32,5.59,5.48,5.39,37.98
38,40,half,前半区,32,54.24,20-50%,43.75,20-60%,56.25,20-70%,68.75,20-50%,38.98,10-50%,50.85,10-60%,61.02,4.77,5.4,7.73,45.83
44,36,half,后半区,23,38.98,20-50%,69.57,10-50%,78.26,10-60%,86.96,20-50%,62.71,10-50%,72.88,10-60%,81.36,6.86,5.38,5.6,32.35
42,37,half,前半区,35,59.32,10-40%,48.57,10-50%,62.86,10-60%,71.43,0-30%,40.68,10-50%,57.63,0-50%,62.71,7.89,5.23,8.72,32.14
36,42,band20,40-60%,19,32.2,0-30%,42.11,0-40%,52.63,0-50%,63.16,0-30%,35.59,0-40%,47.46,0-50%,59.32,6.52,5.17,3.84,39.29
38,36,band20,80-100%,9,15.25,20-50%,55.56,20-60%,77.78,20-70%,88.89,20-50%,62.71,10-50%,72.88,10-60%,81.36,-7.15,4.9,7.53,42.31
41,36,band20,20-40%,9,15.25,10-40%,55.56,10-50%,77.78,10-60%,100.0,20-50%,62.71,10-50%,72.88,10-60%,81.36,-7.15,4.9,18.64,36.67
41,37,band20,60-80%,8,13.56,20-50%,50.0,10-50%,62.5,10-60%,75.0,0-30%,40.68,10-50%,57.63,0-50%,62.71,9.32,4.87,12.29,43.92
45,37,band20,20-40%,8,13.56,60-90%,50.0,50-90%,62.5,40-90%,75.0,0-30%,40.68,10-50%,57.63,0-50%,62.71,9.32,4.87,12.29,60.65
37,43,band20,40-60%,13,22.03,50-80%,46.15,40-80%,53.85,50-100%,69.23,50-80%,37.29,40-80%,49.15,50-100%,59.32,8.86,4.7,9.91,60.71
39,36,half,后半区,22,37.29,20-50%,54.55,10-50%,77.27,0-50%,77.27,20-50%,62.71,10-50%,72.88,10-60%,81.36,-8.16,4.39,-4.09,38.79
41,42,half,前半区,29,49.15,50-80%,41.38,40-80%,51.72,40-90%,62.07,0-30%,35.59,0-40%,47.46,0-50%,59.32,5.79,4.26,2.75,62.5
44,38,band20,20-40%,18,30.51,0-30%,50.0,0-40%,50.0,0-50%,66.67,0-30%,44.07,0-40%,45.76,0-50%,54.24,5.93,4.24,12.43,36.25
36,38,half,后半区,16,27.12,70-100%,50.0,60-100%,50.0,0-50%,50.0,0-30%,44.07,0-40%,45.76,0-50%,54.24,5.93,4.24,-4.24,60.41
45,38,band20,80-100%,16,27.12,50-80%,50.0,40-80%,50.0,50-100%,56.25,0-30%,44.07,0-40%,45.76,0-50%,54.24,5.93,4.24,2.01,59.38
42,38,band20,40-60%,12,20.34,0-30%,50.0,0-40%,50.0,0-50%,50.0,0-30%,44.07,0-40%,45.76,0-50%,54.24,5.93,4.24,-4.24,46.66
40,38,band20,80-100%,10,16.95,0-30%,50.0,0-40%,50.0,0-50%,50.0,0-30%,44.07,0-40%,45.76,0-50%,54.24,5.93,4.24,-4.24,43.63
41,38,band20,80-100%,18,30.51,20-50%,44.44,10-50%,50.0,20-70%,61.11,0-30%,44.07,0-40%,45.76,0-50%,54.24,0.37,4.24,6.87,48.22
43,38,band20,40-60%,16,27.12,0-30%,43.75,0-40%,50.0,0-50%,62.5,0-30%,44.07,0-40%,45.76,0-50%,54.24,-0.32,4.24,8.26,37.58
45,38,band20,40-60%,12,20.34,0-30%,41.67,20-60%,50.0,10-60%,66.67,0-30%,44.07,0-40%,45.76,0-50%,54.24,-2.4,4.24,12.43,52.94
41,38,band20,60-80%,8,13.56,0-30%,37.5,60-100%,50.0,50-100%,62.5,0-30%,44.07,0-40%,45.76,0-50%,54.24,-6.57,4.24,8.26,61.02
41,43,half,后半区,30,50.85,50-80%,43.33,60-100%,53.33,50-100%,66.67,50-80%,37.29,40-80%,49.15,50-100%,59.32,6.04,4.18,7.35,61.61
45,40,half,前半区,20,33.9,20-50%,45.0,10-50%,55.0,0-50%,70.0,20-50%,38.98,10-50%,50.85,10-60%,61.02,6.02,4.15,8.98,40.77
38,41,half,后半区,27,45.76,60-90%,40.74,60-100%,48.15,40-90%,55.56,20-50%,37.29,20-60%,44.07,40-90%,61.02,3.45,4.08,-5.46,53.57
43,37,band20,80-100%,13,22.03,20-50%,46.15,10-50%,61.54,0-50%,61.54,0-30%,40.68,10-50%,57.63,0-50%,62.71,5.47,3.91,-1.17,43.33
37,42,half,前半区,37,62.71,0-30%,40.54,0-40%,51.35,0-50%,62.16,0-30%,35.59,0-40%,47.46,0-50%,59.32,4.95,3.89,2.84,39.29
39,42,half,前半区,37,62.71,0-30%,37.84,10-50%,51.35,0-50%,64.86,0-30%,35.59,0-40%,47.46,0-50%,59.32,2.25,3.89,5.54,40.62
43,44,band20,40-60%,16,27.12,0-30%,56.25,0-40%,56.25,0-50%,56.25,10-40%,42.37,0-40%,52.54,0-50%,61.02,13.88,3.71,-4.77,28.46
37,44,band20,60-80%,16,27.12,50-80%,43.75,40-80%,56.25,10-60%,62.5,10-40%,42.37,0-40%,52.54,0-50%,61.02,1.38,3.71,1.48,53.64
42,39,half,前半区,35,59.32,20-50%,51.43,20-60%,62.86,0-50%,68.57,20-50%,49.15,20-60%,59.32,20-70%,66.1,2.28,3.54,2.47,38.24
42,40,half,前半区,35,59.32,20-50%,42.86,10-50%,54.29,0-50%,62.86,20-50%,38.98,10-50%,50.85,10-60%,61.02,3.88,3.44,1.84,43.33
44,37,half,后半区,23,38.98,50-80%,43.48,40-80%,60.87,40-90%,65.22,0-30%,40.68,10-50%,57.63,0-50%,62.71,2.8,3.24,2.51,50.0
36,45,half,后半区,16,27.12,50-80%,62.5,40-80%,62.5,30-80%,68.75,60-90%,50.85,50-90%,59.32,40-90%,71.19,11.65,3.18,-2.44,62.91
43,39,half,前半区,24,40.68,20-50%,58.33,20-60%,62.5,0-50%,66.67,20-50%,49.15,20-60%,59.32,20-70%,66.1,9.18,3.18,0.57,36.43
41,39,band20,60-80%,8,13.56,30-60%,50.0,20-60%,62.5,10-60%,62.5,20-50%,49.15,20-60%,59.32,20-70%,66.1,0.85,3.18,-3.6,51.39
40,36,half,后半区,25,42.37,20-50%,64.0,10-50%,76.0,10-60%,84.0,20-50%,62.71,10-50%,72.88,10-60%,81.36,1.29,3.12,2.64,40.91
40,44,band20,60-80%,9,15.25,70-100%,55.56,40-80%,55.56,40-90%,77.78,10-40%,42.37,0-40%,52.54,0-50%,61.02,13.19,3.02,16.76,79.41
41,44,band20,20-40%,9,15.25,70-100%,55.56,60-100%,55.56,40-90%,55.56,10-40%,42.37,0-40%,52.54,0-50%,61.02,13.19,3.02,-5.46,83.33
38,44,band20,80-100%,9,15.25,0-30%,44.44,0-40%,55.56,0-50%,77.78,10-40%,42.37,0-40%,52.54,0-50%,61.02,2.07,3.02,16.76,31.82
43,40,band20,80-100%,13,22.03,0-30%,53.85,0-40%,53.85,10-60%,69.23,20-50%,38.98,10-50%,50.85,10-60%,61.02,14.87,3.0,8.21,21.88
38,40,band20,60-80%,13,22.03,20-50%,38.46,10-50%,53.85,0-50%,61.54,20-50%,38.98,10-50%,50.85,10-60%,61.02,-0.52,3.0,0.52,50.0
45,38,half,后半区,39,66.1,0-30%,46.15,0-40%,48.72,0-50%,61.54,0-30%,44.07,0-40%,45.76,0-50%,54.24,2.08,2.96,7.3,43.33
37,38,half,前半区,37,62.71,50-80%,40.54,40-80%,48.65,40-90%,56.76,0-30%,44.07,0-40%,45.76,0-50%,54.24,-3.53,2.89,2.52,59.38
40,43,half,后半区,25,42.37,30-60%,40.0,40-80%,52.0,30-80%,60.0,50-80%,37.29,40-80%,49.15,50-100%,59.32,2.71,2.85,0.68,57.69
39,45,half,前半区,37,62.71,60-90%,51.35,50-90%,62.16,40-90%,75.68,60-90%,50.85,50-90%,59.32,40-90%,71.19,0.5,2.84,4.49,63.33
41,45,half,前半区,29,49.15,60-90%,55.17,50-90%,62.07,40-90%,79.31,60-90%,50.85,50-90%,59.32,40-90%,71.19,4.32,2.75,8.12,63.33
38,43,half,后半区,27,45.76,50-80%,40.74,50-90%,51.85,40-90%,59.26,50-80%,37.29,40-80%,49.15,50-100%,59.32,3.45,2.7,-0.06,55.0
36,40,half,前半区,43,72.88,30-60%,44.19,20-60%,53.49,20-70%,62.79,20-50%,38.98,10-50%,50.85,10-60%,61.02,5.21,2.64,1.77,50.0
41,43,half,前半区,29,49.15,30-60%,44.83,30-70%,51.72,30-80%,58.62,50-80%,37.29,40-80%,49.15,50-100%,59.32,7.54,2.57,-0.7,53.57
40,42,band20,20-40%,12,20.34,0-30%,50.0,0-40%,50.0,0-50%,58.33,0-30%,35.59,0-40%,47.46,0-50%,59.32,14.41,2.54,-0.99,30.45
37,42,band20,20-40%,10,16.95,0-30%,50.0,0-40%,50.0,0-50%,50.0,0-30%,35.59,0-40%,47.46,0-50%,59.32,14.41,2.54,-9.32,38.62
36,42,band20,60-80%,8,13.56,0-30%,50.0,0-40%,50.0,0-50%,50.0,0-30%,35.59,0-40%,47.46,0-50%,59.32,14.41,2.54,-9.32,43.23
38,42,band20,20-40%,10,16.95,0-30%,40.0,0-40%,50.0,0-50%,70.0,0-30%,35.59,0-40%,47.46,0-50%,59.32,4.41,2.54,10.68,39.17
36,41,half,前半区,43,72.88,70-100%,41.86,60-100%,46.51,40-90%,60.47,20-50%,37.29,20-60%,44.07,40-90%,61.02,4.57,2.44,-0.55,59.09
38,37,band20,40-60%,10,16.95,0-30%,60.0,0-40%,60.0,0-50%,60.0,0-30%,40.68,10-50%,57.63,0-50%,62.71,19.32,2.37,-2.71,16.14
45,37,half,前半区,20,33.9,60-90%,50.0,40-80%,60.0,40-90%,70.0,0-30%,40.68,10-50%,57.63,0-50%,62.71,9.32,2.37,7.29,57.44
37,39,band20,40-60%,13,22.03,50-80%,61.54,30-70%,61.54,30-80%,84.62,20-50%,49.15,20-60%,59.32,20-70%,66.1,12.39,2.22,18.52,53.12
37,45,band20,40-60%,13,22.03,60-90%,53.85,50-90%,61.54,40-90%,76.92,60-90%,50.85,50-90%,59.32,40-90%,71.19,3.0,2.22,5.73,61.76
45,39,half,后半区,39,66.1,20-50%,48.72,20-60%,61.54,20-70%,71.79,20-50%,49.15,20-60%,59.32,20-70%,66.1,-0.43,2.22,5.69,38.24
39,43,half,前半区,37,62.71,40-70%,37.84,40-80%,51.35,30-80%,59.46,50-80%,37.29,40-80%,49.15,50-100%,59.32,0.55,2.2,0.14,55.0
45,36,half,前半区,20,33.9,20-50%,70.0,10-50%,75.0,20-70%,90.0,20-50%,62.71,10-50%,72.88,10-60%,81.36,7.29,2.12,8.64,35.64
40,36,band20,20-40%,12,20.34,20-50%,66.67,10-50%,75.0,10-60%,83.33,20-50%,62.71,10-50%,72.88,10-60%,81.36,3.96,2.12,1.97,40.91
38,36,half,前半区,32,54.24,10-40%,59.38,10-50%,75.0,10-60%,78.12,20-50%,62.71,10-50%,72.88,10-60%,81.36,-3.33,2.12,-3.24,33.48
44,36,band20,80-100%,12,20.34,20-50%,58.33,20-60%,75.0,20-70%,91.67,20-50%,62.71,10-50%,72.88,10-60%,81.36,-4.38,2.12,10.31,38.79
37,40,band20,0-20%,17,28.81,20-50%,41.18,60-100%,52.94,20-70%,52.94,20-50%,38.98,10-50%,50.85,10-60%,61.02,2.2,2.09,-8.08,68.18
45,41,half,后半区,39,66.1,20-50%,41.03,10-50%,46.15,40-90%,66.67,20-50%,37.29,20-60%,44.07,40-90%,61.02,3.74,2.08,5.65,53.57
38,41,band20,60-80%,13,22.03,0-30%,38.46,50-90%,46.15,40-90%,53.85,20-50%,37.29,20-60%,44.07,40-90%,61.02,1.17,2.08,-7.17,53.57
39,44,half,后半区,22,37.29,10-40%,45.45,0-40%,54.55,0-50%,63.64,10-40%,42.37,0-40%,52.54,0-50%,61.02,3.08,2.01,2.62,34.38
40,44,band20,0-20%,11,18.64,10-40%,45.45,0-40%,54.55,0-50%,63.64,10-40%,42.37,0-40%,52.54,0-50%,61.02,3.08,2.01,2.62,32.14
39,41,half,前半区,37,62.71,70-100%,43.24,60-100%,45.95,40-90%,62.16,20-50%,37.29,20-60%,44.07,40-90%,61.02,5.95,1.88,1.14,53.57
37,41,half,前半区,37,62.71,20-50%,40.54,10-50%,45.95,20-70%,54.05,20-50%,37.29,20-60%,44.07,40-90%,61.02,3.25,1.88,-6.97,50.0
39,37,half,前半区,37,62.71,0-30%,51.35,0-40%,59.46,0-50%,67.57,0-30%,40.68,10-50%,57.63,0-50%,62.71,10.67,1.83,4.86,25.0
45,39,band20,60-80%,18,30.51,10-40%,50.0,0-40%,61.11,20-70%,66.67,20-50%,49.15,20-60%,59.32,20-70%,66.1,0.85,1.79,0.57,37.87
44,39,half,前半区,36,61.02,20-50%,44.44,20-60%,61.11,20-70%,72.22,20-50%,49.15,20-60%,59.32,20-70%,66.1,-4.71,1.79,6.12,39.29
43,41,half,前半区,24,40.68,0-30%,37.5,20-60%,45.83,0-50%,58.33,20-50%,37.29,20-60%,44.07,40-90%,61.02,0.21,1.76,-2.69,50.0
36,42,half,前半区,43,72.88,10-40%,37.21,10-50%,48.84,10-60%,60.47,0-30%,35.59,0-40%,47.46,0-50%,59.32,1.62,1.38,1.15,43.33
39,40,band20,20-40%,23,38.98,70-100%,39.13,60-100%,52.17,50-100%,56.52,20-50%,38.98,10-50%,50.85,10-60%,61.02,0.15,1.32,-4.5,67.65
37,44,band20,40-60%,13,22.03,0-30%,38.46,0-40%,53.85,0-50%,61.54,10-40%,42.37,0-40%,52.54,0-50%,61.02,-3.91,1.31,0.52,34.38
40,38,half,前半区,34,57.63,0-30%,44.12,0-40%,47.06,0-50%,52.94,0-30%,44.07,0-40%,45.76,0-50%,54.24,0.05,1.3,-1.3,44.58
40,38,band20,40-60%,17,28.81,0-30%,41.18,40-80%,47.06,0-50%,58.82,0-30%,44.07,0-40%,45.76,0-50%,54.24,-2.89,1.3,4.58,46.43
41,37,band20,40-60%,17,28.81,50-80%,47.06,40-80%,58.82,30-80%,70.59,0-30%,40.68,10-50%,57.63,0-50%,62.71,6.38,1.19,7.88,55.88
38,40,half,后半区,27,45.76,30-60%,37.04,10-50%,51.85,0-50%,59.26,20-50%,38.98,10-50%,50.85,10-60%,61.02,-1.94,1.0,-1.76,45.83
41,37,half,前半区,29,49.15,0-30%,44.83,10-50%,58.62,0-50%,65.52,0-30%,40.68,10-50%,57.63,0-50%,62.71,4.15,0.99,2.81,40.62
42,38,band20,0-20%,15,25.42,0-30%,46.67,0-40%,46.67,0-50%,53.33,0-30%,44.07,0-40%,45.76,0-50%,54.24,2.6,0.91,-0.91,45.83
41,40,half,前半区,29,49.15,50-80%,41.38,50-90%,51.72,50-100%,65.52,20-50%,38.98,10-50%,50.85,10-60%,61.02,2.4,0.87,4.5,62.5
42,43,band20,60-80%,12,20.34,30-60%,50.0,10-50%,50.0,0-50%,66.67,50-80%,37.29,40-80%,49.15,50-100%,59.32,12.71,0.85,7.35,42.52
45,43,band20,40-60%,12,20.34,0-30%,50.0,0-40%,50.0,0-50%,58.33,50-80%,37.29,40-80%,49.15,50-100%,59.32,12.71,0.85,-0.99,32.12
38,43,band20,40-60%,10,16.95,70-100%,50.0,60-100%,50.0,50-100%,60.0,50-80%,37.29,40-80%,49.15,50-100%,59.32,12.71,0.85,0.68,66.67
36,43,band20,60-80%,8,13.56,70-100%,50.0,40-80%,50.0,40-90%,62.5,50-80%,37.29,40-80%,49.15,50-100%,59.32,12.71,0.85,3.18,63.44
45,43,band20,20-40%,8,13.56,70-100%,50.0,60-100%,50.0,0-50%,50.0,50-80%,37.29,40-80%,49.15,50-100%,59.32,12.71,0.85,-9.32,58.85
37,43,band20,60-80%,16,27.12,0-30%,43.75,0-40%,50.0,0-50%,56.25,50-80%,37.29,40-80%,49.15,50-100%,59.32,6.46,0.85,-3.07,43.34
40,43,band20,20-40%,12,20.34,40-70%,41.67,10-50%,50.0,0-50%,58.33,50-80%,37.29,40-80%,49.15,50-100%,59.32,4.38,0.85,-0.99,47.06
38,43,half,前半区,32,54.24,70-100%,40.62,40-80%,50.0,50-100%,62.5,50-80%,37.29,40-80%,49.15,50-100%,59.32,3.33,0.85,3.18,59.23
39,43,band20,60-80%,10,16.95,40-70%,40.0,40-80%,50.0,50-100%,70.0,50-80%,37.29,40-80%,49.15,50-100%,59.32,2.71,0.85,10.68,61.36
36,38,half,前半区,43,72.88,0-30%,44.19,0-40%,46.51,0-50%,55.81,0-30%,44.07,0-40%,45.76,0-50%,54.24,0.12,0.75,1.57,46.43
40,37,band20,20-40%,12,20.34,50-80%,58.33,40-80%,58.33,30-80%,75.0,0-30%,40.68,10-50%,57.63,0-50%,62.71,17.65,0.7,12.29,66.03
44,37,band20,80-100%,12,20.34,0-30%,58.33,0-40%,58.33,0-50%,75.0,0-30%,40.68,10-50%,57.63,0-50%,62.71,17.65,0.7,12.29,22.91
39,37,band20,40-60%,12,20.34,20-50%,50.0,10-50%,58.33,0-50%,66.67,0-30%,40.68,10-50%,57.63,0-50%,62.71,9.32,0.7,3.96,45.11
42,37,band20,40-60%,12,20.34,0-30%,41.67,10-50%,58.33,0-50%,58.33,0-30%,40.68,10-50%,57.63,0-50%,62.71,0.99,0.7,-4.38,45.31
45,37,band20,40-60%,12,20.34,60-90%,41.67,40-80%,58.33,40-90%,66.67,0-30%,40.68,10-50%,57.63,0-50%,62.71,0.99,0.7,3.96,48.44
39,45,band20,60-80%,10,16.95,40-70%,50.0,40-80%,60.0,20-70%,70.0,60-90%,50.85,50-90%,59.32,40-90%,71.19,-0.85,0.68,-1.19,65.08
43,40,half,后半区,35,59.32,0-30%,37.14,10-50%,51.43,10-60%,62.86,20-50%,38.98,10-50%,50.85,10-60%,61.02,-1.84,0.58,1.84,45.83
40,42,half,后半区,25,42.37,20-50%,36.0,20-60%,48.0,10-60%,56.0,0-30%,35.59,0-40%,47.46,0-50%,59.32,0.41,0.54,-3.32,45.83
41,36,half,后半区,30,50.85,20-50%,66.67,10-50%,73.33,10-60%,76.67,20-50%,62.71,10-50%,72.88,10-60%,81.36,3.96,0.45,-4.69,37.87
42,36,band20,0-20%,15,25.42,30-60%,53.33,40-80%,73.33,30-80%,80.0,20-50%,62.71,10-50%,72.88,10-60%,81.36,-9.38,0.45,-1.36,46.88
41,44,band20,40-60%,17,28.81,10-40%,41.18,0-40%,52.94,0-50%,52.94,10-40%,42.37,0-40%,52.54,0-50%,61.02,-1.19,0.4,-8.08,36.67
43,38,band20,60-80%,13,22.03,0-30%,38.46,60-100%,46.15,50-100%,53.85,0-30%,44.07,0-40%,45.76,0-50%,54.24,-5.61,0.39,-0.39,59.38
39,42,band20,20-40%,23,38.98,30-60%,39.13,10-50%,47.83,0-50%,60.87,0-30%,35.59,0-40%,47.46,0-50%,59.32,3.54,0.37,1.55,43.33
43,38,half,前半区,24,40.68,0-30%,45.83,0-40%,45.83,10-60%,54.17,0-30%,44.07,0-40%,45.76,0-50%,54.24,1.76,0.07,-0.07,52.94
43,38,half,后半区,35,59.32,0-30%,42.86,0-40%,45.71,0-50%,57.14,0-30%,44.07,0-40%,45.76,0-50%,54.24,-1.21,-0.05,2.9,45.83
39,45,half,后半区,22,37.29,60-90%,50.0,60-100%,59.09,40-90%,63.64,60-90%,50.85,50-90%,59.32,40-90%,71.19,-0.85,-0.23,-7.55,68.81
38,42,band20,0-20%,17,28.81,50-80%,35.29,50-90%,47.06,50-100%,58.82,0-30%,35.59,0-40%,47.46,0-50%,59.32,-0.3,-0.4,-0.5,59.09
41,36,half,前半区,29,49.15,20-50%,58.62,10-50%,72.41,10-60%,86.21,20-50%,62.71,10-50%,72.88,10-60%,81.36,-4.09,-0.47,4.85,40.91
40,45,band20,40-60%,17,28.81,60-90%,47.06,50-90%,58.82,50-100%,64.71,60-90%,50.85,50-90%,59.32,40-90%,71.19,-3.79,-0.5,-6.48,63.33
38,42,half,前半区,32,54.24,0-30%,37.5,0-40%,46.88,0-50%,56.25,0-30%,35.59,0-40%,47.46,0-50%,59.32,1.91,-0.58,-3.07,41.14
45,36,band20,60-80%,18,30.51,30-60%,61.11,30-70%,72.22,20-70%,77.78,20-50%,62.71,10-50%,72.88,10-60%,81.36,-1.6,-0.66,-3.58,52.09
44,36,band20,20-40%,18,30.51,20-50%,55.56,30-70%,72.22,30-80%,83.33,20-50%,62.71,10-50%,72.88,10-60%,81.36,-7.15,-0.66,1.97,42.31
38,44,half,后半区,27,45.76,0-30%,37.04,0-40%,51.85,0-50%,62.96,10-40%,42.37,0-40%,52.54,0-50%,61.02,-5.33,-0.69,1.94,37.5
45,38,half,前半区,20,33.9,0-30%,40.0,50-90%,45.0,50-100%,60.0,0-30%,44.07,0-40%,45.76,0-50%,54.24,-4.07,-0.76,5.76,56.67
41,40,band20,60-80%,8,13.56,0-30%,50.0,0-40%,50.0,0-50%,62.5,20-50%,38.98,10-50%,50.85,10-60%,61.02,11.02,-0.85,1.48,27.27
44,40,band20,80-100%,12,20.34,40-70%,41.67,40-80%,50.0,20-70%,58.33,20-50%,38.98,10-50%,50.85,10-60%,61.02,2.69,-0.85,-2.69,60.91
45,40,band20,40-60%,12,20.34,70-100%,41.67,60-100%,50.0,0-50%,50.0,20-50%,38.98,10-50%,50.85,10-60%,61.02,2.69,-0.85,-11.02,57.01
44,40,band20,40-60%,10,16.95,50-80%,40.0,30-70%,50.0,30-80%,70.0,20-50%,38.98,10-50%,50.85,10-60%,61.02,1.02,-0.85,8.98,51.7
45,40,band20,60-80%,18,30.51,40-70%,38.89,20-60%,50.0,10-60%,61.11,20-50%,38.98,10-50%,50.85,10-60%,61.02,-0.09,-0.85,0.09,51.56
42,40,half,后半区,24,40.68,30-60%,37.5,20-60%,50.0,10-60%,62.5,20-50%,38.98,10-50%,50.85,10-60%,61.02,-1.48,-0.85,1.48,49.47
45,40,band20,80-100%,16,27.12,10-40%,37.5,10-50%,50.0,10-60%,62.5,20-50%,38.98,10-50%,50.85,10-60%,61.02,-1.48,-0.85,1.48,52.09
41,37,half,后半区,30,50.85,10-40%,40.0,10-50%,56.67,10-60%,63.33,0-30%,40.68,10-50%,57.63,0-50%,62.71,-0.68,-0.96,0.62,46.83
42,45,band20,40-60%,12,20.34,20-50%,50.0,30-70%,58.33,20-70%,75.0,60-90%,50.85,50-90%,59.32,40-90%,71.19,-0.85,-0.99,3.81,44.59
40,39,band20,20-40%,12,20.34,20-50%,41.67,20-60%,58.33,10-60%,58.33,20-50%,49.15,20-60%,59.32,20-70%,66.1,-7.48,-0.99,-7.77,53.84
42,45,band20,60-80%,12,20.34,20-50%,41.67,20-60%,58.33,10-60%,66.67,60-90%,50.85,50-90%,59.32,40-90%,71.19,-9.18,-0.99,-4.52,52.09
45,36,half,后半区,39,66.1,20-50%,58.97,10-50%,71.79,10-60%,82.05,20-50%,62.71,10-50%,72.88,10-60%,81.36,-3.74,-1.09,0.69,40.91
36,45,half,前半区,43,72.88,60-90%,48.84,50-90%,58.14,40-90%,74.42,60-90%,50.85,50-90%,59.32,40-90%,71.19,-2.01,-1.18,3.23,67.86
39,44,half,前半区,37,62.71,10-40%,40.54,0-40%,51.35,0-50%,59.46,10-40%,42.37,0-40%,52.54,0-50%,61.02,-1.83,-1.19,-1.56,37.5
36,43,band20,20-40%,23,38.98,10-40%,39.13,0-40%,47.83,0-50%,56.52,50-80%,37.29,40-80%,49.15,50-100%,59.32,1.84,-1.32,-2.8,44.12
36,44,half,前半区,43,72.88,10-40%,41.86,10-50%,51.16,10-60%,60.47,10-40%,42.37,0-40%,52.54,0-50%,61.02,-0.51,-1.38,-0.55,40.62
42,36,half,前半区,35,59.32,20-50%,60.0,20-60%,71.43,10-60%,80.0,20-50%,62.71,10-50%,72.88,10-60%,81.36,-2.71,-1.45,-1.36,40.91
40,38,half,后半区,25,42.37,0-30%,44.0,0-40%,44.0,0-50%,56.0,0-30%,44.07,0-40%,45.76,0-50%,54.24,-0.07,-1.76,1.76,50.0
36,37,half,前半区,43,72.88,50-80%,41.86,40-80%,55.81,30-80%,60.47,0-30%,40.68,10-50%,57.63,0-50%,62.71,1.18,-1.82,-2.24,50.0
39,42,half,后半区,22,37.29,10-40%,36.36,0-40%,45.45,0-50%,50.0,0-30%,35.59,0-40%,47.46,0-50%,59.32,0.77,-2.01,-9.32,50.38
41,37,band20,80-100%,18,30.51,0-30%,44.44,10-50%,55.56,0-50%,61.11,0-30%,40.68,10-50%,57.63,0-50%,62.71,3.76,-2.07,-1.6,41.17
40,37,band20,60-80%,9,15.25,0-30%,44.44,40-80%,55.56,0-50%,66.67,0-30%,40.68,10-50%,57.63,0-50%,62.71,3.76,-2.07,3.96,46.88
40,43,half,前半区,34,57.63,50-80%,38.24,40-80%,47.06,50-100%,61.76,50-80%,37.29,40-80%,49.15,50-100%,59.32,0.95,-2.09,2.44,59.23
38,43,band20,0-20%,17,28.81,40-70%,35.29,60-100%,47.06,50-100%,58.82,50-80%,37.29,40-80%,49.15,50-100%,59.32,-2.0,-2.09,-0.5,58.33
45,40,half,后半区,39,66.1,40-70%,41.03,10-50%,48.72,10-60%,61.54,20-50%,38.98,10-50%,50.85,10-60%,61.02,2.05,-2.13,0.52,50.0
43,39,half,后半区,35,59.32,20-50%,42.86,20-60%,57.14,20-70%,68.57,20-50%,49.15,20-60%,59.32,20-70%,66.1,-6.29,-2.18,2.47,43.33
36,38,band20,20-40%,23,38.98,0-30%,43.48,0-40%,43.48,0-50%,56.52,0-30%,44.07,0-40%,45.76,0-50%,54.24,-0.59,-2.28,2.28,46.43
40,36,half,前半区,34,57.63,20-50%,61.76,10-50%,70.59,10-60%,79.41,20-50%,62.71,10-50%,72.88,10-60%,81.36,-0.95,-2.29,-1.95,39.58
41,38,half,后半区,30,50.85,0-30%,40.0,10-50%,43.33,0-50%,53.33,0-30%,44.07,0-40%,45.76,0-50%,54.24,-4.07,-2.43,-0.91,48.22
42,44,half,后半区,24,40.68,20-50%,41.67,10-50%,50.0,0-50%,54.17,10-40%,42.37,0-40%,52.54,0-50%,61.02,-0.7,-2.54,-6.85,50.0
40,44,band20,20-40%,12,20.34,10-40%,41.67,0-40%,50.0,0-50%,58.33,10-40%,42.37,0-40%,52.54,0-50%,61.02,-0.7,-2.54,-2.69,43.75
37,44,half,后半区,22,37.29,30-60%,40.91,10-50%,50.0,10-60%,63.64,10-40%,42.37,0-40%,52.54,0-50%,61.02,-1.46,-2.54,2.62,51.56
38,44,band20,20-40%,10,16.95,30-60%,40.0,20-60%,50.0,10-60%,60.0,10-40%,42.37,0-40%,52.54,0-50%,61.02,-2.37,-2.54,-1.02,54.89
36,43,half,前半区,43,72.88,50-80%,37.21,40-80%,46.51,30-80%,55.81,50-80%,37.29,40-80%,49.15,50-100%,59.32,-0.08,-2.64,-3.51,56.67
41,45,half,后半区,30,50.85,60-90%,46.67,50-90%,56.67,50-100%,66.67,60-90%,50.85,50-90%,59.32,40-90%,71.19,-4.18,-2.65,-4.52,65.59
44,39,half,后半区,23,38.98,20-50%,56.52,10-50%,56.52,0-50%,65.22,20-50%,49.15,20-60%,59.32,20-70%,66.1,7.37,-2.8,-0.88,38.24
44,45,half,后半区,23,38.98,20-50%,52.17,10-50%,56.52,20-70%,73.91,60-90%,50.85,50-90%,59.32,40-90%,71.19,1.32,-2.8,2.72,43.33
36,39,band20,20-40%,23,38.98,20-50%,47.83,0-40%,56.52,0-50%,73.91,20-50%,49.15,20-60%,59.32,20-70%,66.1,-1.32,-2.8,7.81,38.24
37,36,band20,20-40%,10,16.95,40-70%,60.0,30-70%,70.0,30-80%,80.0,20-50%,62.71,10-50%,72.88,10-60%,81.36,-2.71,-2.88,-1.36,50.53
39,36,band20,60-80%,10,16.95,10-40%,60.0,10-50%,70.0,0-50%,70.0,20-50%,62.71,10-50%,72.88,10-60%,81.36,-2.71,-2.88,-11.36,32.4
42,38,half,前半区,35,59.32,0-30%,40.0,40-80%,42.86,20-70%,54.29,0-30%,44.07,0-40%,45.76,0-50%,54.24,-4.07,-2.9,0.05,50.0
44,40,half,后半区,23,38.98,40-70%,39.13,30-70%,47.83,20-70%,60.87,20-50%,38.98,10-50%,50.85,10-60%,61.02,0.15,-3.02,-0.15,50.0
37,45,band20,60-80%,16,27.12,40-70%,50.0,30-70%,56.25,40-90%,68.75,60-90%,50.85,50-90%,59.32,40-90%,71.19,-0.85,-3.07,-2.44,49.14
42,43,half,后半区,24,40.68,0-30%,37.5,0-40%,45.83,0-50%,62.5,50-80%,37.29,40-80%,49.15,50-100%,59.32,0.21,-3.32,3.18,42.52
44,36,half,前半区,36,61.02,20-50%,58.33,10-50%,69.44,10-60%,77.78,20-50%,62.71,10-50%,72.88,10-60%,81.36,-4.38,-3.44,-3.58,44.07
42,37,half,后半区,24,40.68,20-50%,41.67,40-80%,54.17,40-90%,62.5,0-30%,40.68,10-50%,57.63,0-50%,62.71,0.99,-3.46,-0.21,46.88
43,37,half,前半区,24,40.68,50-80%,41.67,40-80%,54.17,30-80%,58.33,0-30%,40.68,10-50%,57.63,0-50%,62.71,0.99,-3.46,-4.38,48.22
36,40,band20,40-60%,19,32.2,10-40%,36.84,10-50%,47.37,10-60%,57.89,20-50%,38.98,10-50%,50.85,10-60%,61.02,-2.14,-3.48,-3.13,50.0
36,39,half,前半区,43,72.88,20-50%,46.51,20-60%,55.81,20-70%,65.12,20-50%,49.15,20-60%,59.32,20-70%,66.1,-2.64,-3.51,-0.98,39.29
44,36,band20,0-20%,13,22.03,20-50%,61.54,10-50%,69.23,10-60%,76.92,20-50%,62.71,10-50%,72.88,10-60%,81.36,-1.17,-3.65,-4.44,46.43
43,36,band20,60-80%,13,22.03,10-40%,53.85,10-50%,69.23,10-60%,84.62,20-50%,62.71,10-50%,72.88,10-60%,81.36,-8.86,-3.65,3.26,37.5
39,43,half,后半区,22,37.29,70-100%,40.91,40-80%,45.45,50-100%,63.64,50-80%,37.29,40-80%,49.15,50-100%,59.32,3.62,-3.7,4.32,59.23
37,43,half,后半区,22,37.29,10-40%,36.36,10-50%,45.45,0-50%,50.0,50-80%,37.29,40-80%,49.15,50-100%,59.32,-0.93,-3.7,-9.32,54.55
38,45,band20,80-100%,9,15.25,0-30%,55.56,0-40%,55.56,10-60%,66.67,60-90%,50.85,50-90%,59.32,40-90%,71.19,4.71,-3.76,-4.52,29.17
44,39,band20,20-40%,18,30.51,40-70%,44.44,30-70%,55.56,20-70%,66.67,20-50%,49.15,20-60%,59.32,20-70%,66.1,-4.71,-3.76,0.57,46.66
42,37,band20,20-40%,13,22.03,0-30%,38.46,10-50%,53.85,0-50%,61.54,0-30%,40.68,10-50%,57.63,0-50%,62.71,-2.22,-3.78,-1.17,47.22
43,37,band20,60-80%,13,22.03,0-30%,38.46,10-50%,53.85,10-60%,69.23,0-30%,40.68,10-50%,57.63,0-50%,62.71,-2.22,-3.78,6.52,46.88
38,40,band20,0-20%,17,28.81,40-70%,41.18,20-60%,47.06,20-70%,58.82,20-50%,38.98,10-50%,50.85,10-60%,61.02,2.2,-3.79,-2.2,53.12
39,41,band20,60-80%,10,16.95,70-100%,40.0,0-40%,40.0,0-50%,50.0,20-50%,37.29,20-60%,44.07,40-90%,61.02,2.71,-4.07,-11.02,50.23
45,41,half,前半区,20,33.9,0-30%,35.0,0-40%,40.0,0-50%,50.0,20-50%,37.29,20-60%,44.07,40-90%,61.02,-2.29,-4.07,-11.02,54.55
42,38,band20,60-80%,12,20.34,0-30%,41.67,0-40%,41.67,0-50%,50.0,0-30%,44.07,0-40%,45.76,0-50%,54.24,-2.4,-4.09,-4.24,53.34
44,38,half,前半区,36,61.02,0-30%,38.89,0-40%,41.67,0-50%,52.78,0-30%,44.07,0-40%,45.76,0-50%,54.24,-5.18,-4.09,-1.46,48.22
41,44,half,前半区,29,49.15,70-100%,44.83,60-100%,48.28,50-100%,51.72,10-40%,42.37,0-40%,52.54,0-50%,61.02,2.46,-4.26,-9.3,54.17
43,36,half,后半区,35,59.32,20-50%,54.29,10-50%,68.57,10-60%,77.14,20-50%,62.71,10-50%,72.88,10-60%,81.36,-8.42,-4.31,-4.22,42.31
45,39,half,前半区,20,33.9,20-50%,50.0,20-60%,55.0,0-50%,60.0,20-50%,49.15,20-60%,59.32,20-70%,66.1,0.85,-4.32,-6.1,45.11
40,44,half,后半区,25,42.37,0-30%,40.0,0-40%,48.0,0-50%,56.0,10-40%,42.37,0-40%,52.54,0-50%,61.02,-2.37,-4.54,-5.02,40.62
40,37,band20,40-60%,17,28.81,0-30%,47.06,10-50%,52.94,0-50%,58.82,0-30%,40.68,10-50%,57.63,0-50%,62.71,6.38,-4.69,-3.89,50.0
40,37,half,前半区,34,57.63,50-80%,41.18,40-80%,52.94,30-80%,58.82,0-30%,40.68,10-50%,57.63,0-50%,62.71,0.5,-4.69,-3.89,48.44
37,40,band20,40-60%,13,22.03,40-70%,38.46,40-80%,46.15,40-90%,53.85,20-50%,38.98,10-50%,50.85,10-60%,61.02,-0.52,-4.7,-7.17,56.67
44,40,band20,0-20%,13,22.03,0-30%,38.46,0-40%,46.15,10-60%,61.54,20-50%,38.98,10-50%,50.85,10-60%,61.02,-0.52,-4.7,0.52,42.31
41,43,band20,20-40%,9,15.25,0-30%,44.44,0-40%,44.44,50-100%,55.56,50-80%,37.29,40-80%,49.15,50-100%,59.32,7.15,-4.71,-3.76,59.38
39,44,band20,20-40%,23,38.98,0-30%,39.13,0-40%,47.83,0-50%,56.52,10-40%,42.37,0-40%,52.54,0-50%,61.02,-3.24,-4.71,-4.5,40.62
40,43,band20,60-80%,9,15.25,0-30%,33.33,0-40%,44.44,0-50%,66.67,50-80%,37.29,40-80%,49.15,50-100%,59.32,-3.96,-4.71,7.35,40.91
40,45,band20,0-20%,11,18.64,40-70%,45.45,40-80%,54.55,20-70%,63.64,60-90%,50.85,50-90%,59.32,40-90%,71.19,-5.4,-4.77,-7.55,59.09
43,45,half,前半区,24,40.68,40-70%,50.0,30-70%,54.17,20-70%,66.67,60-90%,50.85,50-90%,59.32,40-90%,71.19,-0.85,-5.15,-4.52,48.44
42,39,half,后半区,24,40.68,20-50%,45.83,20-60%,54.17,20-70%,62.5,20-50%,49.15,20-60%,59.32,20-70%,66.1,-3.32,-5.15,-3.6,46.66
42,39,band20,20-40%,13,22.03,10-40%,46.15,0-40%,53.85,10-60%,69.23,20-50%,49.15,20-60%,59.32,20-70%,66.1,-3.0,-5.47,3.13,39.29
43,39,band20,60-80%,13,22.03,30-60%,46.15,0-40%,53.85,0-50%,69.23,20-50%,49.15,20-60%,59.32,20-70%,66.1,-3.0,-5.47,3.13,39.29
43,39,band20,80-100%,13,22.03,40-70%,46.15,20-60%,53.85,20-70%,69.23,20-50%,49.15,20-60%,59.32,20-70%,66.1,-3.0,-5.47,3.13,50.0
39,36,band20,40-60%,12,20.34,20-50%,58.33,10-50%,66.67,0-50%,66.67,20-50%,62.71,10-50%,72.88,10-60%,81.36,-4.38,-6.21,-14.69,41.61
40,39,band20,40-60%,17,28.81,0-30%,52.94,0-40%,52.94,0-50%,52.94,20-50%,49.15,20-60%,59.32,20-70%,66.1,3.79,-6.38,-13.16,30.0
40,39,half,前半区,34,57.63,20-50%,41.18,20-60%,52.94,20-70%,58.82,20-50%,49.15,20-60%,59.32,20-70%,66.1,-7.97,-6.38,-7.28,50.0
43,40,band20,40-60%,16,27.12,0-30%,31.25,0-40%,43.75,0-50%,50.0,20-50%,38.98,10-50%,50.85,10-60%,61.02,-7.73,-7.1,-11.02,52.09
36,45,band20,20-40%,23,38.98,40-70%,47.83,30-70%,52.17,40-90%,69.57,60-90%,50.85,50-90%,59.32,40-90%,71.19,-3.02,-7.15,-1.62,54.17
39,42,band20,60-80%,10,16.95,0-30%,40.0,0-40%,40.0,0-50%,50.0,0-30%,35.59,0-40%,47.46,0-50%,59.32,4.41,-7.46,-9.32,50.53
38,45,half,后半区,27,45.76,60-90%,40.74,60-100%,51.85,40-90%,62.96,60-90%,50.85,50-90%,59.32,40-90%,71.19,-10.11,-7.47,-8.23,62.5
37,40,half,前半区,37,62.71,40-70%,35.14,10-50%,43.24,10-60%,54.05,20-50%,38.98,10-50%,50.85,10-60%,61.02,-3.84,-7.61,-6.97,53.12
39,40,half,前半区,37,62.71,40-70%,35.14,10-50%,43.24,10-60%,51.35,20-50%,38.98,10-50%,50.85,10-60%,61.02,-3.84,-7.61,-9.67,53.57
42,37,band20,60-80%,12,20.34,60-90%,50.0,50-90%,50.0,40-90%,58.33,0-30%,40.68,10-50%,57.63,0-50%,62.71,9.32,-7.63,-4.38,57.53
37,36,half,前半区,37,62.71,30-60%,54.05,30-70%,64.86,10-60%,72.97,20-50%,62.71,10-50%,72.88,10-60%,81.36,-8.66,-8.02,-8.39,46.43
41,36,band20,40-60%,17,28.81,20-50%,58.82,10-50%,64.71,20-70%,82.35,20-50%,62.71,10-50%,72.88,10-60%,81.36,-3.89,-8.17,0.99,40.91
36,44,band20,20-40%,23,38.98,50-80%,34.78,20-60%,43.48,50-100%,56.52,10-40%,42.37,0-40%,52.54,0-50%,61.02,-7.59,-9.06,-4.5,54.17
38,39,band20,20-40%,10,16.95,70-100%,50.0,50-90%,50.0,50-100%,60.0,20-50%,49.15,20-60%,59.32,20-70%,66.1,0.85,-9.32,-6.1,64.28
36,39,band20,60-80%,8,13.56,20-50%,50.0,0-40%,50.0,30-80%,75.0,20-50%,49.15,20-60%,59.32,20-70%,66.1,0.85,-9.32,8.9,42.5
45,39,band20,20-40%,8,13.56,70-100%,50.0,60-100%,50.0,0-50%,50.0,20-50%,49.15,20-60%,59.32,20-70%,66.1,0.85,-9.32,-16.1,62.5
44,45,band20,40-60%,10,16.95,10-40%,50.0,0-40%,50.0,0-50%,50.0,60-90%,50.85,50-90%,59.32,40-90%,71.19,-0.85,-9.32,-21.19,51.91
36,45,band20,60-80%,8,13.56,50-80%,50.0,0-40%,50.0,20-70%,62.5,60-90%,50.85,50-90%,59.32,40-90%,71.19,-0.85,-9.32,-8.69,46.73
41,45,band20,60-80%,8,13.56,30-60%,50.0,20-60%,50.0,30-80%,62.5,60-90%,50.85,50-90%,59.32,40-90%,71.19,-0.85,-9.32,-8.69,67.05
41,39,half,后半区,30,50.85,0-30%,46.67,0-40%,50.0,0-50%,63.33,20-50%,49.15,20-60%,59.32,20-70%,66.1,-2.48,-9.32,-2.77,42.86
37,45,half,后半区,22,37.29,40-70%,45.45,30-70%,50.0,20-70%,68.18,60-90%,50.85,50-90%,59.32,40-90%,71.19,-5.4,-9.32,-3.01,49.14
42,39,band20,60-80%,12,20.34,0-30%,41.67,0-40%,50.0,0-50%,58.33,20-50%,49.15,20-60%,59.32,20-70%,66.1,-7.48,-9.32,-7.77,37.73
38,39,half,前半区,32,54.24,50-80%,40.62,40-80%,50.0,30-80%,62.5,20-50%,49.15,20-60%,59.32,20-70%,66.1,-8.53,-9.32,-3.6,54.89
44,39,band20,40-60%,10,16.95,0-30%,40.0,0-40%,50.0,0-50%,60.0,20-50%,49.15,20-60%,59.32,20-70%,66.1,-9.15,-9.32,-6.1,39.51
42,45,half,后半区,24,40.68,20-50%,41.67,20-60%,50.0,40-90%,66.67,60-90%,50.85,50-90%,59.32,40-90%,71.19,-9.18,-9.32,-4.52,52.09
39,45,band20,40-60%,12,20.34,40-70%,41.67,40-80%,50.0,40-90%,66.67,60-90%,50.85,50-90%,59.32,40-90%,71.19,-9.18,-9.32,-4.52,64.55
40,45,half,前半区,34,57.63,60-90%,41.18,50-90%,50.0,40-90%,58.82,60-90%,50.85,50-90%,59.32,40-90%,71.19,-9.67,-9.32,-12.37,59.9
41,36,band20,60-80%,8,13.56,20-50%,62.5,10-50%,62.5,0-50%,62.5,20-50%,62.71,10-50%,72.88,10-60%,81.36,-0.21,-10.38,-18.86,48.22
45,36,band20,20-40%,8,13.56,10-40%,50.0,20-60%,62.5,20-70%,87.5,20-50%,62.71,10-50%,72.88,10-60%,81.36,-12.71,-10.38,6.14,45.12
42,44,band20,60-80%,12,20.34,70-100%,41.67,10-50%,41.67,0-50%,50.0,10-40%,42.37,0-40%,52.54,0-50%,61.02,-0.7,-10.87,-11.02,52.09
37,36,band20,40-60%,13,22.03,10-40%,61.54,0-40%,61.54,0-50%,61.54,20-50%,62.71,10-50%,72.88,10-60%,81.36,-1.17,-11.34,-19.82,25.0
43,36,band20,80-100%,13,22.03,20-50%,53.85,10-50%,61.54,10-60%,69.23,20-50%,62.71,10-50%,72.88,10-60%,81.36,-8.86,-11.34,-12.13,46.88
42,40,band20,20-40%,13,22.03,30-60%,38.46,10-50%,38.46,0-50%,53.85,20-50%,38.98,10-50%,50.85,10-60%,61.02,-0.52,-12.39,-7.17,50.0
40,36,band20,80-100%,10,16.95,20-50%,50.0,10-50%,60.0,10-60%,70.0,20-50%,62.71,10-50%,72.88,10-60%,81.36,-12.71,-12.88,-11.36,50.0
38,36,band20,20-40%,10,16.95,10-40%,40.0,10-50%,60.0,10-60%,70.0,20-50%,62.71,10-50%,72.88,10-60%,81.36,-22.71,-12.88,-11.36,45.45
37,39,band20,60-80%,16,27.12,70-100%,43.75,60-100%,43.75,0-50%,50.0,20-50%,49.15,20-60%,59.32,20-70%,66.1,-5.4,-15.57,-16.1,54.55
40,36,band20,0-20%,11,18.64,20-50%,45.45,10-50%,54.55,20-70%,72.73,20-50%,62.71,10-50%,72.88,10-60%,81.36,-17.26,-18.33,-8.63,46.43
37,39,half,后半区,22,37.29,70-100%,40.91,0-40%,40.91,0-50%,54.55,20-50%,49.15,20-60%,59.32,20-70%,66.1,-8.24,-18.41,-11.55,48.44
